System,Amplitude,Replicate,Output,RMSE,MAE,R2,PICP,MPIW,NMPIW,Violations,MaxExcess,MinSlack
1,1.0,1,1,0.006168775524328053,0.004573463550573705,0.9998879305014928,1.0,0.4404496039917871,0.16205956797227997,0,0.0,0.12771103201974301
1,1.0,1,2,0.005170147796062736,0.0038690152567532393,0.9999004542887125,1.0,0.46865839273830695,0.17440250262420498,0,0.0,0.11941959665277455
1,1.0,2,1,0.006955615934836894,0.004666809286522415,0.9998542261916954,1.0,0.4404480321597974,0.15282509320656415,0,0.0,0.12630089294750282
1,1.0,2,2,0.005020144016802816,0.0038551807444052425,0.9999094594788532,1.0,0.4700520001525319,0.1865305996181501,0,0.0,0.12211183651766735
1,1.0,3,1,0.007646583452736811,0.005209314943602384,0.9998316460922462,1.0,0.4384154494108824,0.16174949235442465,0,0.0,0.12708880027338074
1,1.0,3,2,0.004834341342838962,0.00359355273276188,0.9999090217774258,1.0,0.46514476328689924,0.17479709162279372,0,0.0,0.1157359509255591
1,1.0,4,1,0.00600183043884494,0.004474495788512394,0.9998935891079693,1.0,0.4403166721176328,0.15666526955305934,0,0.0,0.1270232607988133
1,1.0,4,2,0.005582518070708277,0.004005282212380343,0.9998836771655683,1.0,0.4681220985874196,0.1873018221639125,0,0.0,0.10872082433058945
1,1.0,5,1,0.006555013620491,0.004716852791446525,0.9998749084722477,1.0,0.4387695280344129,0.1711324411032105,0,0.0,0.13178226615826025
1,1.0,5,2,0.0051385668931958365,0.003938112018198319,0.9998958223782282,1.0,0.46513842534674077,0.1555336233928307,0,0.0,0.12465225536883345
1,1.0,6,1,0.006304142362420954,0.004866941947356375,0.9998833448626694,1.0,0.4440413853341667,0.173316091541953,0,0.0,0.12881075601166614
1,1.0,6,2,0.004874400749399159,0.003654976559429029,0.9999108733118517,1.0,0.4714063871437645,0.17865510731467354,0,0.0,0.12355094132906785
1,1.0,7,1,0.006297430395989481,0.004488614683602744,0.9998847517675934,1.0,0.4398962524846599,0.18203835688092876,0,0.0,0.13336063611146073
1,1.0,7,2,0.005008403937469039,0.0038785124848867204,0.9999056826272452,1.0,0.46671630665439817,0.1885753270965335,0,0.0,0.12999116255308352
1,1.0,8,1,0.00621941115416484,0.004648711872475519,0.9998875143580349,1.0,0.43921578182909027,0.15564341120026565,0,0.0,0.1343002023111389
1,1.0,8,2,0.005331749855790963,0.004002866458887445,0.9998914754929621,1.0,0.46635684560185664,0.17490051096404743,0,0.0,0.1297402331424165
1,1.0,9,1,0.0068527001804837805,0.004882097436078043,0.9998623780831644,1.0,0.43863931953077584,0.16194524484136905,0,0.0,0.13197856453601176
1,1.0,9,2,0.005099728281351019,0.0039099427435403435,0.999900190170798,1.0,0.4659509518530124,0.19476485179941122,0,0.0,0.11007145455113013
1,1.0,10,1,0.00786204242037422,0.005295256475151198,0.9998148906581436,1.0,0.43792713496934194,0.14623857059708276,0,0.0,0.12029161829104387
1,1.0,10,2,0.005663138922016855,0.003982941485223148,0.9998785899135368,1.0,0.46505793816024793,0.1569889987282393,0,0.0,0.09376651360536234
1,1.0,11,1,0.007250863498612122,0.0050133325233018625,0.9998475320331514,1.0,0.44010236069039144,0.14395606273723327,0,0.0,0.13605654697502215
1,1.0,11,2,0.005400237372148233,0.004128806334773501,0.9998892868181888,1.0,0.4679004970167907,0.1690074849061831,0,0.0,0.11356986886628453
1,1.0,12,1,0.007500757046707948,0.00530198463347308,0.9998380726867573,1.0,0.44046540735593603,0.1603263488680812,0,0.0,0.13301726936040445
1,1.0,12,2,0.0051883428081039035,0.004021279184522916,0.9998976008467239,1.0,0.4675334741207081,0.17926313571913205,0,0.0,0.12756331298696238
1,1.0,13,1,0.007290061856595118,0.005044045026248742,0.9998436316522484,1.0,0.44016422938406585,0.16237048630143167,0,0.0,0.1344423684474364
1,1.0,13,2,0.005041737594476347,0.003754324788933572,0.9999073751718223,1.0,0.4692010038818,0.17194681401218243,0,0.0,0.11112450812649094
1,1.0,14,1,0.007416581040447053,0.005082555691738586,0.999835276254444,1.0,0.4401167307867872,0.16136641696144702,0,0.0,0.13172705416486033
1,1.0,14,2,0.005106683954521176,0.0038543847363364954,0.9999049230525952,1.0,0.4688982193870652,0.2071249643490765,0,0.0,0.110426111487814
1,1.0,15,1,0.0064746827557324495,0.00480468917750303,0.9998787697970511,1.0,0.43838525370708836,0.14705587611607893,0,0.0,0.12977009203142184
1,1.0,15,2,0.005324691287005648,0.004013985985042996,0.9998904104284132,1.0,0.4643851320286869,0.19505076396661394,0,0.0,0.12127189289858639
1,1.0,16,1,0.006632368371287138,0.004751286069607017,0.9998737763815722,1.0,0.44392788091365376,0.1716758598013873,0,0.0,0.13018050258574446
1,1.0,16,2,0.005361215877494245,0.003994008106966599,0.999889296668498,1.0,0.4706454565360141,0.17966260147451213,0,0.0,0.1240076766730415
1,1.0,17,1,0.00789176023417018,0.005655901058091742,0.999822758392458,1.0,0.4389286491136138,0.15235559321506006,0,0.0,0.12956732081379813
1,1.0,17,2,0.005520135676643507,0.004106042233986173,0.9998811000039078,1.0,0.46516597666871834,0.1632968062165336,0,0.0,0.117600787394613
1,1.0,18,1,0.007213943913505714,0.00484949008444538,0.9998416461099665,1.0,0.43987403110539763,0.1721645381250531,0,0.0,0.12900097175045955
1,1.0,18,2,0.005101453371159426,0.0037766848549928133,0.9999043295062847,1.0,0.46823700597537776,0.20272551340601733,0,0.0,0.10818835828856632
1,1.0,19,1,0.006650100550053475,0.004879928540712029,0.9998705467898844,1.0,0.4411344166196579,0.1567252764865848,0,0.0,0.13125975866112746
1,1.0,19,2,0.004957335250136518,0.0038344149736203384,0.9999066650222477,1.0,0.46858502911248867,0.1860032811558634,0,0.0,0.12114688337352957
1,1.0,20,1,0.006029114295366267,0.004651491677400503,0.9998899493199834,1.0,0.44083168792731453,0.1670862699294031,0,0.0,0.13271159413695754
1,1.0,20,2,0.005590231753337424,0.004014200045816983,0.9998890804352573,1.0,0.4697628910917782,0.18957053842446678,0,0.0,0.12394807046780162
1,1.15,1,1,0.009197377186802224,0.006409752782735619,0.999806885559087,1.0,0.46172951141459895,0.15131261760178344,0,0.0,0.12243350759940949
1,1.15,1,2,0.007343225640413401,0.00518927952854111,0.9998451901521056,1.0,0.49385957739621406,0.1620758147314861,0,0.0,0.11034238334133809
1,1.15,2,1,0.010696541555177724,0.006613715688043784,0.9997329936376337,1.0,0.46140803816178194,0.1427848009270295,0,0.0,0.1243567119427888
1,1.15,2,2,0.00686392519238936,0.00510280327560673,0.9998694161416011,1.0,0.49562998291028654,0.17363578123631862,0,0.0,0.11867256081531231
1,1.15,3,1,0.011492608942191437,0.007322171687695681,0.9997049907695829,1.0,0.458723948692977,0.14979222159468802,0,0.0,0.12221785950081218
1,1.15,3,2,0.0071359171678324115,0.004812133199673389,0.9998472750691231,1.0,0.4893727348948855,0.16226296135230042,0,0.0,0.11492249601016352
1,1.15,4,1,0.008911293234508818,0.006261118704669443,0.9998182700418989,1.0,0.46111906884153947,0.14608853095702418,0,0.0,0.12435547550070628
1,1.15,4,2,0.007975076189551006,0.005254279424569794,0.9998169710941393,1.0,0.4928693571786205,0.174152972125931,0,0.0,0.10430929499578813
1,1.15,5,1,0.009864028927073925,0.0066864314603267,0.999779991057793,1.0,0.45922223579198074,0.15816289088931249,0,0.0,0.12859344355496108
1,1.15,5,2,0.007469024939801178,0.005365163355612804,0.999830460952805,1.0,0.48928403962916894,0.1443585732568403,0,0.0,0.11107935504428834
1,1.15,6,1,0.009278038984078104,0.006648892137411324,0.9998044480093418,1.0,0.4658164068704251,0.1609542169571573,0,0.0,0.11716457741153266
1,1.15,6,2,0.006951446333978133,0.005069172894489506,0.9998602077811887,1.0,0.4971274838057522,0.16611601661535372,0,0.0,0.12131314434173282
1,1.15,7,1,0.009474714012447392,0.0063038637928844975,0.9997977509112284,1.0,0.4606393600719815,0.16799576776850306,0,0.0,0.12916690733860706
1,1.15,7,2,0.007482604000585796,0.005282545506178547,0.99983785030344,1.0,0.4911558958235364,0.17467894206583007,0,0.0,0.12769601325724284
1,1.15,8,1,0.009284524184655427,0.006511001239721653,0.9998053292492527,1.0,0.45977680731968923,0.14526582681016348,0,0.0,0.12528449715389006
1,1.15,8,2,0.007474155529364874,0.005283204222460363,0.9998356170347072,1.0,0.49078042200552846,0.16250363235839307,0,0.0,0.12317799303353794
1,1.15,9,1,0.010253929732802938,0.0067578039771298,0.9997607569627274,1.0,0.45920526318319127,0.15070958371463253,0,0.0,0.12383123272551716
1,1.15,9,2,0.007086281089799251,0.005136507987734018,0.9998513825349162,1.0,0.4904819042458498,0.18079294406603041,0,0.0,0.10843275326512493
1,1.15,10,1,0.01150581591855563,0.007196975188261812,0.9996921941394016,1.0,0.45833630367154443,0.1365991350465384,0,0.0,0.11604257380785504
1,1.15,10,2,0.0078299729423426,0.005152161239652596,0.9998209638111162,1.0,0.4893382820381231,0.14545860841574806,0,0.0,0.08329105963606472
1,1.15,11,1,0.010784763604763074,0.006821494400523967,0.9997386597875222,1.0,0.4609864138294184,0.1345852446491574,0,0.0,0.12387234124229579
1,1.15,11,2,0.007426912773092751,0.0053734924727205586,0.9998387122391947,1.0,0.49296363329694964,0.15724363095761565,0,0.0,0.10721307598832791
1,1.15,12,1,0.011344437181486035,0.0072578811931988734,0.999712763150064,1.0,0.46137551082805117,0.14882460138631104,0,0.0,0.11453969261572117
1,1.15,12,2,0.007281414587224677,0.005293846422317689,0.9998444054962676,1.0,0.4923173320397102,0.1665758986256754,0,0.0,0.12387168654202124
1,1.15,13,1,0.010835868698407232,0.0069089114189169794,0.9997323570622657,1.0,0.46112875112882995,0.1511052355520507,0,0.0,0.10840573710118537
1,1.15,13,2,0.007257657634759478,0.005126524521645015,0.999852107116379,1.0,0.494425568227646,0.1599572023750435,0,0.0,0.10454046602686587
1,1.15,14,1,0.011011639205158708,0.0071262154894812775,0.9997189800675444,1.0,0.4611048634240279,0.1496342917804304,0,0.0,0.12199382488494756
1,1.15,14,2,0.007214389640723195,0.005098178847754188,0.9998536421731777,1.0,0.49435323330704617,0.192766262687294,0,0.0,0.09757128587320663
1,1.15,15,1,0.009753433463732558,0.006731776237037822,0.9997863551756104,1.0,0.4585758691899986,0.1373717630647098,0,0.0,0.12820083311401137
1,1.15,15,2,0.00739647107213348,0.005286750574895177,0.9998368848275185,1.0,0.48841871234735157,0.18071427168884824,0,0.0,0.11863832679980099
1,1.15,16,1,0.010093488454127407,0.006655634254451316,0.9997735402194919,1.0,0.46535346309949055,0.15876173982398858,0,0.0,0.12329204864639895
1,1.15,16,2,0.007481256346941335,0.005321761669088634,0.9998337142491278,1.0,0.4959852575393854,0.16645656591020572,0,0.0,0.11837935384556161
1,1.15,17,1,0.012012000565508852,0.007968725413738182,0.9996813954512214,1.0,0.4591263399845708,0.14209038286614545,0,0.0,0.11795534252320203
1,1.15,17,2,0.007828426269492584,0.005454496681291816,0.9998156325478603,1.0,0.48934171147698596,0.1515550881651981,0,0.0,0.11370898993706316
1,1.15,18,1,0.01084807065903145,0.006774115377456841,0.9997221079513308,1.0,0.4606915959038669,0.15963107275309585,0,0.0,0.11775547972604322
1,1.15,18,2,0.007183712636203553,0.005181373817117267,0.9998536543548386,1.0,0.4932322761910927,0.1880253825122958,0,0.0,0.09564960498849806
1,1.15,19,1,0.009874298601249162,0.0067425314899861866,0.99977878185751,1.0,0.4620936273293897,0.14606504022196898,0,0.0,0.11600818234600938
1,1.15,19,2,0.006918199770840517,0.005035846164734818,0.9998599143865217,1.0,0.49359217088096163,0.17300540579290832,0,0.0,0.11980429713035827
1,1.15,20,1,0.00878945203189668,0.006451137082137046,0.9998188009077318,1.0,0.46228599315847435,0.15584911519683878,0,0.0,0.13138854966934166
1,1.15,20,2,0.008442195462023456,0.005481654510204238,0.9998049710185648,1.0,0.49514970703860406,0.1762877649543262,0,0.0,0.12227283196424504
1,1.3,1,1,0.013391873157011264,0.008937035991518273,0.999671302013945,1.0,0.48271855529885355,0.14309891102753144,0,0.0,0.11633767857345118
1,1.3,1,2,0.010733289435681624,0.0072582564408090605,0.9997363722637944,1.0,0.518508521047228,0.1524647622066785,0,0.0,0.09982681090090056
1,1.3,2,1,0.015840968565249577,0.00936697307478639,0.9995302728942644,1.0,0.4820181993867387,0.13529484739326408,0,0.0,0.08111509862594776
1,1.3,2,2,0.009877072144615343,0.007011248352629513,0.9997843283573817,1.0,0.5206399935973824,0.16353328543552345,0,0.0,0.11311749586960243
1,1.3,3,1,0.016503803334840913,0.010087126466366848,0.999511258829918,1.0,0.47856559815603017,0.14080725053516632,0,0.0,0.08527444801094178
1,1.3,3,2,0.010780854664104396,0.00692658591687132,0.9997223361110144,1.0,0.5129547263703869,0.1524223248921189,0,0.0,0.11475809183691371
1,1.3,4,1,0.012936859793687054,0.008770723322172182,0.9996926764138628,1.0,0.48141067065111603,0.13807831995681108,0,0.0,0.12223605851249228
1,1.3,4,2,0.011285772477554488,0.00728095736801546,0.9997077905928572,1.0,0.5168539373665723,0.16386273241772487,0,0.0,0.09997907966970121
1,1.3,5,1,0.014369550895668185,0.009359478652348291,0.9996244410773458,1.0,0.47920632136358365,0.14804670187160715,0,0.0,0.11667544936906521
1,1.3,5,2,0.011069447792661374,0.007605461012261125,0.9997034512022367,1.0,0.5127516146658441,0.13555931674098182,0,0.0,0.09718863501918912
1,1.3,6,1,0.013426191471757134,0.009087639436011385,0.999671723225287,1.0,0.4872575031574436,0.15172301475707858,0,0.0,0.10257986888381493
1,1.3,6,2,0.010220804985659098,0.007280478814558608,0.9997590535102926,1.0,0.5222876266746591,0.15632285475072175,0,0.0,0.1138074146893947
1,1.3,7,1,0.013936194608731878,0.008968799095044387,0.9996486308317744,1.0,0.48089285019621186,0.1574240805463557,0,0.0,0.10936062533371091
1,1.3,7,2,0.01112884338343796,0.0074836313172438945,0.9997143885305266,1.0,0.5148938922836561,0.1637472126928048,0,0.0,0.12582639996066236
1,1.3,8,1,0.013590154463119822,0.009235888599368402,0.9996645928686427,1.0,0.47985025743687054,0.13751510688477284,0,0.0,0.11337670047755469
1,1.3,8,2,0.010941531014589029,0.00748182293766425,0.9997192786752802,1.0,0.5145526954063401,0.15277258066923616,0,0.0,0.11501215435359693
1,1.3,9,1,0.014886943007965317,0.00945801568355642,0.9995945333490158,1.0,0.4793144755809806,0.14234535877133794,0,0.0,0.10211958148020275
1,1.3,9,2,0.010187593520039997,0.007147597451659459,0.9997550635509517,1.0,0.5143813349747429,0.16988031602172443,0,0.0,0.10636244187695215
1,1.3,10,1,0.01636648747505965,0.00980713853084761,0.9994993316740044,1.0,0.47834466388327346,0.12929170848930327,0,0.0,0.10160171272806756
1,1.3,10,2,0.011295422234595287,0.007087933997773353,0.9997029578444675,1.0,0.5129635660565381,0.13635364196213964,0,0.0,0.0683403483225686
1,1.3,11,1,0.015553739233222522,0.009279780365231638,0.9995638777811254,1.0,0.48144215315609373,0.1275577007443822,0,0.0,0.10479465135425056
1,1.3,11,2,0.010692227606600033,0.007358460440937554,0.9997337583492881,1.0,0.5174050023941423,0.14797503562055725,0,0.0,0.10103453568867216
1,1.3,12,1,0.016527453869954207,0.010040170730599571,0.9995103793508054,1.0,0.4818455078573332,0.14014699098801567,0,0.0,0.09231813793144128
1,1.3,12,2,0.010525903618771667,0.007241867006816868,0.9997406824472919,1.0,0.5164649182079435,0.1566577105731919,0,0.0,0.10595796757489634
1,1.3,13,1,0.015589849222304528,0.00950148954773162,0.9995554854548401,1.0,0.481692373702795,0.1426913085250717,0,0.0,0.07890159964003154
1,1.3,13,2,0.01067096642880796,0.007257181676998848,0.9997453079626079,1.0,0.5189612034075387,0.15054447196369544,0,0.0,0.09726474350414233
1,1.3,14,1,0.01582579085877476,0.009964834885149161,0.999534754217984,1.0,0.48170842624564963,0.1405621530989134,0,0.0,0.10787412981891065
1,1.3,14,2,0.010582182170073031,0.007134979839143208,0.9997488779608913,1.0,0.5192800788407498,0.18162922824477257,0,0.0,0.08194050448919515
1,1.3,15,1,0.014378725807346737,0.009468762155925988,0.9996266202571235,1.0,0.4782138075501756,0.13010494608641177,0,0.0,0.11763091305260426
1,1.3,15,2,0.010680337176088212,0.007303637091259498,0.9997287949259372,1.0,0.5117058834852695,0.16948726383991203,0,0.0,0.11497101693284226
1,1.3,16,1,0.014836549472904192,0.009261639406426308,0.999607413750232,1.0,0.48639948934839367,0.1490427615103617,0,0.0,0.11423356057172007
1,1.3,16,2,0.010489241769157982,0.007236708669712325,0.9997393023743368,1.0,0.5206719329017317,0.15608292901484824,0,0.0,0.11226082739586757
1,1.3,17,1,0.017523658653405834,0.011027426659845446,0.999455174204381,1.0,0.4788775510948718,0.13444966797633023,0,0.0,0.09960684889945531
1,1.3,17,2,0.011496615088452143,0.0076990030863123785,0.9996830990720277,1.0,0.5128143161326649,0.1422801931761299,0,0.0,0.11011859594862095
1,1.3,18,1,0.015764416741557437,0.009516770235851717,0.9995284041459153,1.0,0.4810271841906569,0.150140446788168,0,0.0,0.08298713573366748
1,1.3,18,2,0.010458952003800296,0.007279580910462923,0.9997525659190788,1.0,0.5175710878526548,0.17656107709620927,0,0.0,0.0807343134350533
1,1.3,19,1,0.014349457974289478,0.009463906456934037,0.9996249883623232,1.0,0.48262355838990106,0.13811844664545095,0,0.0,0.09286941007136018
1,1.3,19,2,0.010114363832082099,0.007014738639613883,0.9997613873740554,1.0,0.5179403318738157,0.16284041188476414,0,0.0,0.1195493750996068
1,1.3,20,1,0.012848827312504084,0.009018529219742031,0.999689281038967,1.0,0.4833368675468213,0.14731072057175223,0,0.0,0.12369351734930328
1,1.3,20,2,0.01247779140183421,0.0078197728560227,0.9996603436083804,1.0,0.5199515299391739,0.1658854138277571,0,0.0,0.12115898514595994
2,1.0,1,1,0.003534666307682151,0.0026944294010901202,0.9999117005395171,1.0,0.3266210490838285,0.21108269045788375,0,0.0,0.12134992245836923
2,1.0,1,2,0.004100636535825328,0.003175835757673945,0.9998161414871598,1.0,0.2902552222283089,0.19641452881817553,0,0.0,0.07218515906317619
2,1.0,2,1,0.004056971681982566,0.003134270272688348,0.9998818306657565,1.0,0.3255577208187797,0.2002555191024962,0,0.0,0.11742771376714965
2,1.0,2,2,0.004431922723568921,0.003433338988400443,0.9997938668804155,1.0,0.28773039245352267,0.19621996433247604,0,0.0,0.07120540735936973
2,1.0,3,1,0.004080486635587387,0.0031010499447532928,0.9998853476041697,1.0,0.32611457632221846,0.19135063453797246,0,0.0,0.1206729656599013
2,1.0,3,2,0.004094766784653233,0.0032436300695503854,0.9998155240048,1.0,0.289692925388651,0.18719110062426292,0,0.0,0.07302275666115124
2,1.0,4,1,0.003956464790899183,0.0030698373196079614,0.9998935375644065,1.0,0.3262570029979474,0.18605566964986225,0,0.0,0.1213515361232543
2,1.0,4,2,0.003925749073011303,0.0031038875096889417,0.9998307467805807,1.0,0.2893715111041673,0.1994671908570211,0,0.0,0.07549635657625453
2,1.0,5,1,0.003857410491657522,0.002961247532744902,0.9998941646446695,1.0,0.326365373734457,0.19004490400119026,0,0.0,0.12081061505219065
2,1.0,5,2,0.004329110798457084,0.0033905422733632824,0.9997985597983112,1.0,0.2896843228588826,0.2026901229719542,0,0.0,0.08053660679005621
2,1.0,6,1,0.003846437141518732,0.0029891457572233187,0.9998963899656315,1.0,0.3248733879578386,0.1591786990772285,0,0.0,0.11689639504923782
2,1.0,6,2,0.0039996624302168346,0.0031501432901032303,0.9998183713173504,1.0,0.28730317963938795,0.18978740833617755,0,0.0,0.07606407806629932
2,1.0,7,1,0.00394271659453435,0.00303373584107026,0.9998893697128935,1.0,0.3253488351565811,0.1984021947135283,0,0.0,0.1193137186478192
2,1.0,7,2,0.004011894549617818,0.003079728498682941,0.9998213625297246,1.0,0.2877884989556595,0.2114025843978371,0,0.0,0.07910562742740976
2,1.0,8,1,0.0036402758413586742,0.0028527188222467487,0.9999112866298735,1.0,0.32623093599375713,0.16133793097715549,0,0.0,0.12311326883751356
2,1.0,8,2,0.003985902158454165,0.00318698419185247,0.9998218783092673,1.0,0.28898910999760474,0.19828827745780297,0,0.0,0.08290190205320724
2,1.0,9,1,0.0038169043318969347,0.0029715172896854656,0.9999024392315244,1.0,0.3251981385675967,0.1641084691470863,0,0.0,0.12063272597995436
2,1.0,9,2,0.004416440567250751,0.0033280446467284304,0.9997763637195463,1.0,0.28685984240895424,0.177519699798421,0,0.0,0.0737315865528524
2,1.0,10,1,0.004058231437794882,0.0030930054758388616,0.9998832780689698,1.0,0.3257875510488913,0.18946460726195494,0,0.0,0.12006003613341573
2,1.0,10,2,0.004034349157802917,0.0030781257809740035,0.9998236985333078,1.0,0.29017952709167105,0.2075524198591423,0,0.0,0.07808794849788858
2,1.0,11,1,0.0037626149864842156,0.0029598676984402134,0.9999048145125782,1.0,0.32619394934489737,0.17618585039421628,0,0.0,0.12138452098829627
2,1.0,11,2,0.00396175135596197,0.0031349715226190703,0.9998241754370171,1.0,0.28872251825866424,0.20337351967730785,0,0.0,0.07383423052906246
2,1.0,12,1,0.0037628489109571978,0.00298831101770363,0.9999051126918764,1.0,0.32560359888920976,0.19519241218858477,0,0.0,0.12003083319149854
2,1.0,12,2,0.004161128802084678,0.003181216383063493,0.9998041078543397,1.0,0.28805346765169426,0.20424044058217175,0,0.0,0.07700710061691517
2,1.0,13,1,0.003914143113188619,0.0029336258200198147,0.9998927388479557,1.0,0.3254987225056869,0.16181342005105773,0,0.0,0.11427149057148724
2,1.0,13,2,0.004441319632545603,0.003360590914745903,0.9997846507854301,1.0,0.2874563148078864,0.18766721065525233,0,0.0,0.07135254351793012
2,1.0,14,1,0.004164993510429131,0.00326105797189677,0.9998786815853087,1.0,0.3261707815664562,0.18319845592546016,0,0.0,0.11874458634636684
2,1.0,14,2,0.004241280687108153,0.003284260016946864,0.9998094561676455,1.0,0.2900303702689415,0.19936894110371636,0,0.0,0.07314760036095327
2,1.0,15,1,0.003992372567902618,0.0030962185527961383,0.9998855668976163,1.0,0.32544598898670113,0.1688850119952672,0,0.0,0.12121997578628013
2,1.0,15,2,0.004250337942097631,0.0032203858835587787,0.9998109512481551,1.0,0.28821759677985637,0.1995280123096919,0,0.0,0.0762199883552766
2,1.0,16,1,0.004033949764367341,0.00313977347697847,0.9998902264186328,1.0,0.32623394974964337,0.20012995787842242,0,0.0,0.11959593786837375
2,1.0,16,2,0.0042388605133750045,0.003246214279315246,0.9998057033875171,1.0,0.2888744432715042,0.1979647786245705,0,0.0,0.07465393456390451
2,1.0,17,1,0.003904957832522665,0.0030605269110596154,0.999892831850298,1.0,0.3260968907980303,0.1813103960873783,0,0.0,0.1206268595938468
2,1.0,17,2,0.0037672517086365003,0.002958687932422555,0.999845263174063,1.0,0.28952117860177357,0.20687474351125765,0,0.0,0.07967276939143289
2,1.0,18,1,0.0042505917455510685,0.0033124795661931,0.9998795355483211,1.0,0.3244356721588616,0.15209757361026593,0,0.0,0.11571987057103164
2,1.0,18,2,0.004349871793845893,0.0032404099502642302,0.9997820003466774,1.0,0.28639831041966607,0.1910986909327854,0,0.0,0.0725198151112417
2,1.0,19,1,0.0038546958103382323,0.003059019667489713,0.9998960502382752,1.0,0.3251347756162644,0.16035231203986117,0,0.0,0.12009342327118566
2,1.0,19,2,0.004482795512201227,0.0034226075686289697,0.9997842279117269,1.0,0.2873300085013199,0.19490261480406207,0,0.0,0.07414708484725532
2,1.0,20,1,0.0043668517786964595,0.003319947593040837,0.9998644867546747,1.0,0.3249972156795639,0.18150073268052608,0,0.0,0.12024331174831211
2,1.0,20,2,0.004045370084455819,0.0030811783995514153,0.9998229772682532,1.0,0.2883164641254977,0.17707113011333098,0,0.0,0.07825676372187175
2,1.15,1,1,0.005822839941625871,0.0041569647016543925,0.9998076594008773,1.0,0.33878291827777646,0.18612641191229465,0,0.0,0.10872535151587984
2,1.15,1,2,0.006126040612745865,0.004431873485377136,0.9996684677963518,1.0,0.3122433619231082,0.18992966529959968,0,0.0,0.0721974281108672
2,1.15,2,1,0.006763719145106327,0.004637650269658473,0.9997365685432561,1.0,0.33706814189158013,0.17347773682752918,0,0.0,0.0989173219825222
2,1.15,2,2,0.006818542812932999,0.004852889459730717,0.9996063555877307,1.0,0.30870632570014545,0.19098820640760178,0,0.0,0.07078553136635446
2,1.15,3,1,0.006562853242872116,0.004722751501683551,0.9997619211866753,1.0,0.33796016268585977,0.1677736906733929,0,0.0,0.09878038254775995
2,1.15,3,2,0.006463223721277687,0.004824544329176764,0.9996281549056092,1.0,0.31138091077228974,0.18307690961439313,0,0.0,0.0726350505504442
2,1.15,4,1,0.006274549897316208,0.0045069080768768595,0.999785294529603,1.0,0.33832285762017317,0.16053018871592087,0,0.0,0.10540078624492963
2,1.15,4,2,0.006116323089213513,0.004511141610816744,0.9996685580587613,1.0,0.3112001650357839,0.19250435691131126,0,0.0,0.07670318426767493
2,1.15,5,1,0.00638136143684721,0.004529631393811505,0.9997679058423465,1.0,0.33833547997274016,0.16373629160789116,0,0.0,0.11220876501604335
2,1.15,5,2,0.0067229213979700065,0.004966170640696328,0.9996067948649833,1.0,0.31135261541750076,0.19420053845686813,0,0.0,0.08120810694643824
2,1.15,6,1,0.0062409447442301055,0.0045453898837036905,0.9997809811978582,1.0,0.33618682935681493,0.13617909750906695,0,0.0,0.10665019387485242
2,1.15,6,2,0.006312766015837452,0.004674620034253603,0.9996314041037404,1.0,0.3081945935196382,0.1834864580930924,0,0.0,0.0761195993406148
2,1.15,7,1,0.006572515734711177,0.004568894890772271,0.9997536637528198,1.0,0.33668959728667563,0.17816760612625668,0,0.0,0.1088094633277363
2,1.15,7,2,0.006445857543693615,0.004632972018019721,0.9996251959812684,1.0,0.3088498179725251,0.20682724020226914,0,0.0,0.08027715621650547
2,1.15,8,1,0.005995805059634804,0.004367631425264606,0.9998065923325494,1.0,0.33838689361171426,0.13558099849174426,0,0.0,0.09782838956160678
2,1.15,8,2,0.006251077849813652,0.004595342559029135,0.9996466690959319,1.0,0.3107167923855205,0.1958630472472388,0,0.0,0.08385129423298059
2,1.15,9,1,0.006507040167383163,0.004467423858742429,0.9997725362034696,1.0,0.33677745283425237,0.1417630420016494,0,0.0,0.11271567437096294
2,1.15,9,2,0.007068909924388696,0.004814676033321516,0.9995349888513733,1.0,0.3080117224979643,0.1732585064894065,0,0.0,0.07363778594524434
2,1.15,10,1,0.006262018780663405,0.004513022838434871,0.999777711212273,1.0,0.337498298564903,0.1723859252087296,0,0.0,0.11157397010248152
2,1.15,10,2,0.006014621352338809,0.004371348553993971,0.9996825592859717,1.0,0.31194485548687223,0.20221117990545326,0,0.0,0.07835072849160583
2,1.15,11,1,0.0063398330793379195,0.004499990508528149,0.9997831311186065,1.0,0.3377931114559385,0.15232175212026722,0,0.0,0.10673184422181578
2,1.15,11,2,0.0062703320861073625,0.004637526902958985,0.999643277689917,1.0,0.30982703131966566,0.19810297452798709,0,0.0,0.07267131946615696
2,1.15,12,1,0.006312382851172803,0.004482927882579761,0.9997858410157981,1.0,0.3371393305359741,0.16702004176770416,0,0.0,0.1116294764959263
2,1.15,12,2,0.006626290426670583,0.004643349347188378,0.9995969318736913,1.0,0.3091950806436188,0.1990496911587419,0,0.0,0.0778052207503589
2,1.15,13,1,0.006005086049584085,0.004162856676101248,0.9997974422615838,1.0,0.337136703818007,0.14202345300868244,0,0.0,0.10729729457903747
2,1.15,13,2,0.006911561486483259,0.004819251517919372,0.9995778549528581,1.0,0.30865125501522955,0.18197734377844035,0,0.0,0.07039467491255882
2,1.15,14,1,0.0064598189586651325,0.004680220678097018,0.9997658089481668,1.0,0.3378786186044652,0.16024052925747984,0,0.0,0.11062260139370847
2,1.15,14,2,0.0066725003404102005,0.004885650220464307,0.9996192965927884,1.0,0.3116689895932826,0.19139167023153353,0,0.0,0.07245488219231284
2,1.15,15,1,0.006540540685927179,0.0045631569826239384,0.999753296202477,1.0,0.3368469307591915,0.1454750738480599,0,0.0,0.10795137672989975
2,1.15,15,2,0.006484744487326924,0.004631354956674104,0.9996456062151501,1.0,0.3091489906359164,0.1921650103887012,0,0.0,0.07622982409938657
2,1.15,16,1,0.0062749464425854795,0.004570218886689318,0.9997866129936005,1.0,0.3380678977069988,0.16796831693547423,0,0.0,0.10680685362174885
2,1.15,16,2,0.006542120953106806,0.004785620921056428,0.999626456501078,1.0,0.3102350086130779,0.1893111621791721,0,0.0,0.07453818137763653
2,1.15,17,1,0.006077981842156029,0.004483512905139693,0.9997913961476815,1.0,0.33792400657065635,0.15815552053635284,0,0.0,0.11209706321984395
2,1.15,17,2,0.0057901179439586985,0.0043391299722749,0.9997051740270206,1.0,0.3113653537429548,0.20117590674167568,0,0.0,0.0821016432946384
2,1.15,18,1,0.006669046114864822,0.00470547465125143,0.9997627793392941,1.0,0.3357104858309078,0.12865647340758918,0,0.0,0.10540460339828803
2,1.15,18,2,0.006792867098202994,0.0047389147600722,0.9995672362363855,1.0,0.3074216089822646,0.18501240823636142,0,0.0,0.07252727362040444
2,1.15,19,1,0.006282799855652932,0.004431925070534356,0.9997794689422191,1.0,0.33665665510996146,0.1392449741195231,0,0.0,0.1038681843858889
2,1.15,19,2,0.007292038564877485,0.004980228104172059,0.9995391039934802,1.0,0.30851837004669613,0.1865664183670842,0,0.0,0.07289865946100463
2,1.15,20,1,0.006945072340644939,0.004900871427208567,0.999726083365858,1.0,0.3363262452550384,0.16235126923099305,0,0.0,0.11497036837778699
2,1.15,20,2,0.006189894118596754,0.004318476652594277,0.9996636858288867,1.0,0.3096143603535385,0.17029637770793202,0,0.0,0.07814559975130546
2,1.3,1,1,0.012079076469698972,0.00743226065255966,0.9993358362464928,1.0,0.35108185444264844,0.16131794373677388,0,0.0,0.0675671189842067
2,1.3,1,2,0.010391939858279702,0.007011123965480065,0.9992031851676813,1.0,0.33400876449777905,0.1850241903163623,0,0.0,0.07246374634187248
2,1.3,2,1,0.012931139240102411,0.007637084043793913,0.9992285425509896,1.0,0.34869337022923735,0.14042391395679538,0,0.0,0.052665720739214314
2,1.3,2,2,0.011412767622198993,0.0074460180082671305,0.9990794411485455,1.0,0.3295015413793377,0.18869667366804233,0,0.0,0.0704490037301283
2,1.3,3,1,0.012142302179073352,0.007671402671982153,0.9993453963950835,1.0,0.3499323952484275,0.14785942261017018,0,0.0,0.051866711506309726
2,1.3,3,2,0.010935645312470718,0.007507193955851747,0.9991090851419069,1.0,0.3328391907672939,0.1814649674704001,0,0.0,0.07235562183490045
2,1.3,4,1,0.012029960703321343,0.007408205711909452,0.999366462365461,1.0,0.3505651214617417,0.13880170805089864,0,0.0,0.058629451719817205
2,1.3,4,2,0.010555083082029236,0.007215474565376803,0.9991762157952901,1.0,0.33286693037260845,0.18657967066162345,0,0.0,0.07811071528153209
2,1.3,5,1,0.012525775118143496,0.007686684309110152,0.9992842003010988,1.0,0.35038419911096635,0.141071198895061,0,0.0,0.07118088853844959
2,1.3,5,2,0.011372626507007327,0.0076398667158484625,0.9990580775745164,1.0,0.3327439381019035,0.18687826387142337,0,0.0,0.06736757912386879
2,1.3,6,1,0.012340418433370397,0.00772522300864077,0.9993124035239608,1.0,0.3476370672641232,0.11676145157018646,0,0.0,0.060974682888743414
2,1.3,6,2,0.0106905799043868,0.007265930282064733,0.9991088307870791,1.0,0.32889367882346815,0.1796541298349096,0,0.0,0.07614548556424162
2,1.3,7,1,0.012669877139915539,0.007536741131233504,0.999266710321547,1.0,0.34816744372255437,0.1506365511674644,0,0.0,0.08685500272050678
2,1.3,7,2,0.01105476216939676,0.007311931070675388,0.9990731351019363,1.0,0.3297398802483253,0.2027979963028037,0,0.0,0.0815666558342018
2,1.3,8,1,0.012001046912143796,0.007481969115754353,0.9993760409890631,1.0,0.3507186718556885,0.11479041925186592,0,0.0,0.04961845572432713
2,1.3,8,2,0.010695426538817193,0.007169798350380563,0.9991371613368288,1.0,0.3322214952103139,0.19036749402051492,0,0.0,0.08266531198781735
2,1.3,9,1,0.01305116556174661,0.007493270345114489,0.9992646138748392,1.0,0.34846988060555284,0.12240569141314535,0,0.0,0.08285547866847193
2,1.3,9,2,0.011936500128929821,0.007331554735351259,0.9988868390977166,1.0,0.32898345188324657,0.1714107558891802,0,0.0,0.07348236271051742
2,1.3,10,1,0.011929077569596366,0.0073700430139879035,0.9993551872388771,1.0,0.3492584637724268,0.15505953392502628,0,0.0,0.07249944777898618
2,1.3,10,2,0.010081019339547784,0.0068113540280538305,0.9992524159720656,1.0,0.3334853511491758,0.1953292414563414,0,0.0,0.07856221020128805
2,1.3,11,1,0.01232562404998122,0.007553315373756413,0.9993413038553194,1.0,0.3494893314755218,0.13065528479808136,0,0.0,0.05889808492856444
2,1.3,11,2,0.0108429117331575,0.00735305721877745,0.9991063898870707,1.0,0.3306811445211409,0.1954617608368662,0,0.0,0.07168572944345383
2,1.3,12,1,0.01244932151590576,0.007493032360682385,0.9993306702686562,1.0,0.3487903648883833,0.14199803658963553,0,0.0,0.09048648163738149
2,1.3,12,2,0.011310230992041467,0.007188981488649865,0.9990140955746614,1.0,0.33010793945170813,0.19032339269580992,0,0.0,0.07881455384109846
2,1.3,13,1,0.010753089341344666,0.006520357669268566,0.9994788046682009,1.0,0.3488868523240215,0.12457997277720237,0,0.0,0.06971055408643353
2,1.3,13,2,0.011665102981250772,0.007370815395709031,0.9989937194523387,1.0,0.3296993651548585,0.17881268365277464,0,0.0,0.03473718671537976
2,1.3,14,1,0.012056165766505601,0.007556888283788575,0.9993452153423067,1.0,0.34971361698602876,0.13626298173942453,0,0.0,0.08805049947687656
2,1.3,14,2,0.011306347138811517,0.007545684905193624,0.9990869307786924,1.0,0.33307928997255487,0.1856212323546825,0,0.0,0.07181902258721709
2,1.3,15,1,0.012392232064806276,0.0074888480230447425,0.9992891810896793,1.0,0.34833096497462757,0.12494129491713866,0,0.0,0.06551642597729383
2,1.3,15,2,0.010862503677102694,0.0071714064746623745,0.9991718982141917,1.0,0.32978689727894733,0.18643985103014574,0,0.0,0.07636076560995733
2,1.3,16,1,0.011674515589294998,0.007244004732143206,0.9994057020395907,1.0,0.3500803482792246,0.1401218043276287,0,0.0,0.07427088322465272
2,1.3,16,2,0.011124494033141174,0.0074399473292171775,0.999097745419395,1.0,0.33138288853789866,0.1827725612904713,0,0.0,0.07429577288816365
2,1.3,17,1,0.011976814830704376,0.0074807362837212,0.9993489323629886,1.0,0.34987521238670055,0.137667983935102,0,0.0,0.06564444431192087
2,1.3,17,2,0.010099499355348011,0.006999494617668298,0.9992516328565976,1.0,0.3329970001033848,0.19641179108175197,0,0.0,0.08478131918642604
2,1.3,18,1,0.012212960292435479,0.00748564140410652,0.9993625592026235,1.0,0.34704043387339906,0.10949858806079275,0,0.0,0.07923489403337344
2,1.3,18,2,0.011328844846949118,0.007274814024479128,0.9989862675059907,1.0,0.32825451603664746,0.18019772550872964,0,0.0,0.07276562709190956
2,1.3,19,1,0.01217272269489226,0.00730483242566855,0.9993391112285298,1.0,0.34828340457490586,0.1214740090596959,0,0.0,0.0695406581844504
2,1.3,19,2,0.012378257479613998,0.007581325790757547,0.998890558294251,1.0,0.3295324998193795,0.1795864766689109,0,0.0,0.0673826532385792
2,1.3,20,1,0.012977052162346295,0.007896646687029026,0.9992364895576528,1.0,0.3477546699642889,0.13907138708595315,0,0.0,0.08862865308449155
2,1.3,20,2,0.01062458752268887,0.00673603828527388,0.9991682862494534,1.0,0.33070151932584807,0.16520674655554574,0,0.0,0.07796149684095693
3,1.0,1,1,0.002603962402696318,0.0020515289654592112,0.9999417911505754,1.0,0.33038342374127905,0.23240416852633997,0,0.0,0.10429325287878652
3,1.0,1,2,0.0034251153181117603,0.002602578306731438,0.9999358918732302,1.0,0.3689346499333429,0.1769713840005413,0,0.0,0.11143778933952453
3,1.0,2,1,0.0027962959217111352,0.0021752373137620745,0.9999330186152875,1.0,0.32974258374653254,0.192450715391476,0,0.0,0.10177887356348149
3,1.0,2,2,0.0032744875012641786,0.0024440350103184477,0.9999401940968126,1.0,0.3682282853890107,0.15707922340690036,0,0.0,0.10247926730446837
3,1.0,3,1,0.0026985497054521556,0.00210760859775277,0.9999348555041908,1.0,0.33072469783858266,0.1943626211932664,0,0.0,0.1044117766443227
3,1.0,3,2,0.003226976152057698,0.002481508248296972,0.9999439228842011,1.0,0.36983760912889296,0.18029107010389683,0,0.0,0.11087584755646947
3,1.0,4,1,0.002708842982087807,0.002045219796583293,0.9999397463036738,1.0,0.3301397645238323,0.1948523859387016,0,0.0,0.10476458886667471
3,1.0,4,2,0.0034714575506960064,0.002650618437302769,0.9999360686421844,1.0,0.3684832730965797,0.15650828382847223,0,0.0,0.12257876866244188
3,1.0,5,1,0.002630383980510364,0.002037081423231742,0.9999351050348528,1.0,0.3318101225487438,0.21994068457748595,0,0.0,0.10361922899040732
3,1.0,5,2,0.0031890102574842765,0.0024888099202623826,0.9999472403723068,1.0,0.3713009457425307,0.1991392733459584,0,0.0,0.11761029826686217
3,1.0,6,1,0.002728985808439034,0.0020834120274229252,0.9999293616559839,1.0,0.33221469403327086,0.23055910891339482,0,0.0,0.10784239334442966
3,1.0,6,2,0.003231878914809917,0.0024614426870122183,0.9999469064055421,1.0,0.37238663726920296,0.18894493485089645,0,0.0,0.12473255017765923
3,1.0,7,1,0.0026818510379757227,0.0021008113847492235,0.9999351593505392,1.0,0.33060018761856547,0.24174743625142198,0,0.0,0.11023923196179788
3,1.0,7,2,0.0032987459214828775,0.0026819658666264994,0.9999404307823833,1.0,0.36948246160700154,0.18064105361615884,0,0.0,0.12401677463749511
3,1.0,8,1,0.0025668938205863374,0.0019339454307414476,0.9999378787730097,1.0,0.33187138897184787,0.22228089672672874,0,0.0,0.10644524871707271
3,1.0,8,2,0.0030948199627307787,0.0023164670565075426,0.9999501794862747,1.0,0.3715661752389236,0.20383339926457542,0,0.0,0.12443777330339026
3,1.0,9,1,0.00282692265540499,0.0021312353788133214,0.9999304453537712,1.0,0.33135056415909714,0.21764255566559804,0,0.0,0.1089918040618509
3,1.0,9,2,0.0033311776610214605,0.0026112467261928877,0.99994212775617,1.0,0.3705456054421576,0.1811319493387602,0,0.0,0.12263503820983898
3,1.0,10,1,0.0028292556269457723,0.002137074679136676,0.999931747631053,1.0,0.33041155342043843,0.21240511726473285,0,0.0,0.10195564516592732
3,1.0,10,2,0.0033808359952326498,0.002530407162795533,0.9999391122432575,1.0,0.36907833158744546,0.16230321941044312,0,0.0,0.11456908028017976
3,1.0,11,1,0.002668882047109712,0.0020675437093120945,0.9999381244493437,1.0,0.33072854907087934,0.2110356018890744,0,0.0,0.10299511496675634
3,1.0,11,2,0.0037616775376860963,0.002837650201187446,0.999923846172869,1.0,0.3696493769031106,0.1593204589017594,0,0.0,0.11881887984595711
3,1.0,12,1,0.0026298374984129493,0.0019996390506401038,0.9999360838342728,1.0,0.33089197828492745,0.2329611245668394,0,0.0,0.10868578302052358
3,1.0,12,2,0.003415027007554131,0.00256561359104176,0.9999390126047831,1.0,0.3703770033263596,0.17573458718552215,0,0.0,0.1141326875666768
3,1.0,13,1,0.0028900078596546647,0.0022412635671144087,0.9999245117354753,1.0,0.3305411063539556,0.21659012635193747,0,0.0,0.10748006613815403
3,1.0,13,2,0.0035803712688339167,0.002788122476466256,0.9999315230689698,1.0,0.3696117813749473,0.17645994987222463,0,0.0,0.11832044245079376
3,1.0,14,1,0.0026890949172680015,0.0021092012453381333,0.999931826790362,1.0,0.33054166159622056,0.21373714983379394,0,0.0,0.10719179027670925
3,1.0,14,2,0.0032425637965440694,0.0025475162655240725,0.9999436570418195,1.0,0.36961820250670935,0.17225221357395581,0,0.0,0.11257137405145924
3,1.0,15,1,0.002703670445316782,0.002111060761634036,0.9999299057991688,1.0,0.3316114506097041,0.22824969390568886,0,0.0,0.10772789245242746
3,1.0,15,2,0.0031798181065638936,0.0025381018520126467,0.9999469855488211,1.0,0.3715452980461026,0.19993013808380292,0,0.0,0.11963472499121477
3,1.0,16,1,0.0026018938857256136,0.0020244575035649774,0.9999369911798837,1.0,0.3302606900721173,0.2177558598641534,0,0.0,0.11031340673652539
3,1.0,16,2,0.003133262594365886,0.002476382162227151,0.9999479348033047,1.0,0.3695861035810511,0.18607191130319414,0,0.0,0.12132216075914115
3,1.0,17,1,0.002734827104306287,0.0021209988556396154,0.9999330461589268,1.0,0.33156383351477653,0.2028236716835733,0,0.0,0.11017677449438347
3,1.0,17,2,0.0032036894496628283,0.0025015394833005767,0.9999456212007657,1.0,0.3708279085187709,0.20789328568681484,0,0.0,0.11591971849962696
3,1.0,18,1,0.002607213920005021,0.0020164915606079273,0.9999386773235762,1.0,0.3316816228803226,0.2062588530810163,0,0.0,0.10759918546416959
3,1.0,18,2,0.003105588985725056,0.002481415262513565,0.9999482701387683,1.0,0.37109002059672286,0.1898937984809962,0,0.0,0.12075414859510929
3,1.0,19,1,0.002739113661528586,0.0022117095690934777,0.9999294193449174,1.0,0.33153722168678085,0.23359462602153483,0,0.0,0.10251152502646987
3,1.0,19,2,0.0034858236289095233,0.002646493706733479,0.9999381224120165,1.0,0.371048632328223,0.1800479872995339,0,0.0,0.11939344709094098
3,1.0,20,1,0.0026714001325982093,0.0021149795347458,0.9999319346472092,1.0,0.3309567008973092,0.19964483173563652,0,0.0,0.10325399133878582
3,1.0,20,2,0.003283139835882902,0.0024968732267199706,0.9999424299012902,1.0,0.3703094162449479,0.19175499809441918,0,0.0,0.11473904701201093
3,1.15,1,1,0.0038606812753816436,0.0028925900024343223,0.9998985824374926,1.0,0.3376831546862957,0.20612623822071935,0,0.0,0.08197554572335777
3,1.15,1,2,0.004702693597658363,0.0035301763302077846,0.9999045870952766,1.0,0.3812984280687307,0.1612393789033316,0,0.0,0.09442158947099734
3,1.15,2,1,0.0042556838829529466,0.0030929284039829617,0.9998773530414993,1.0,0.33689325795699365,0.17183532106125723,0,0.0,0.08707495911038979
3,1.15,2,2,0.004963820753994737,0.003557311002960397,0.9998913916563387,1.0,0.38039083197003076,0.14544641279727266,0,0.0,0.07800326026765912
3,1.15,3,1,0.004066748840990298,0.0030436826663862836,0.9998823247878234,1.0,0.3380783803478572,0.17087983062687107,0,0.0,0.08183266844204237
3,1.15,3,2,0.004618516472696497,0.003428830930581505,0.9999095049386311,1.0,0.3823612483867109,0.16657918464595609,0,0.0,0.09426884026951533
3,1.15,4,1,0.004105272034940058,0.002926176556778645,0.999891705406837,1.0,0.33744449314151387,0.17056990486975834,0,0.0,0.08701230644295403
3,1.15,4,2,0.004899587241086465,0.003592894093930861,0.9998996189771019,1.0,0.3807675517292753,0.14354906554947253,0,0.0,0.10903557796247025
3,1.15,5,1,0.0038880537399453184,0.002833773548508856,0.9998870111939943,1.0,0.33941086092501543,0.20026188525117014,0,0.0,0.08538026993907523
3,1.15,5,2,0.004548179066749049,0.003479345614726685,0.9999151763506102,1.0,0.38413839886310214,0.18261848548943946,0,0.0,0.10717781554010679
3,1.15,6,1,0.004101920800051231,0.0029305956139119797,0.9998719198211065,1.0,0.33980761643491886,0.20147040610562864,0,0.0,0.08577255045737613
3,1.15,6,2,0.004505420594706392,0.003351253749039645,0.9999184904112555,1.0,0.38536164634100717,0.172434484692721,0,0.0,0.11453514486370214
3,1.15,7,1,0.003918485823773169,0.003014398446114835,0.9998890316125378,1.0,0.33787922784595276,0.22514659670977416,0,0.0,0.08983647645483359
3,1.15,7,2,0.004678745609660637,0.0037175825718868093,0.9999054671231643,1.0,0.3818439540039015,0.16554985712004158,0,0.0,0.11379555993831397
3,1.15,8,1,0.0037247330770165256,0.002704568191269309,0.9998948125929229,1.0,0.33943902318082375,0.20106808237272691,0,0.0,0.09709082632568834
3,1.15,8,2,0.004387891017459846,0.003227551536018892,0.9999209249115164,1.0,0.384399894117192,0.1871281713554407,0,0.0,0.10738426692716868
3,1.15,9,1,0.004369227794934253,0.003087596025012523,0.9998677091558608,1.0,0.33883358306161143,0.19409068332129123,0,0.0,0.092626793047848
3,1.15,9,2,0.004761066546278943,0.0036557235162586873,0.9999067552941227,1.0,0.3832409693478785,0.16649563913921028,0,0.0,0.11671765459246157
3,1.15,10,1,0.004136341670913153,0.0029488996563236305,0.9998850191517232,1.0,0.3378645217732947,0.18642214270332527,0,0.0,0.07818328058390732
3,1.15,10,2,0.004883357340134304,0.0036158327683410213,0.9998998370877424,1.0,0.38160709679172977,0.15038166097455535,0,0.0,0.10634107192597429
3,1.15,11,1,0.003992923284928386,0.002890164604135118,0.9998896274039473,1.0,0.33809431283092256,0.19035444682935218,0,0.0,0.07749539692267945
3,1.15,11,2,0.005235433004499187,0.00385122355883214,0.9998835693565084,1.0,0.3821010004463216,0.1461861126989296,0,0.0,0.10848133336273083
3,1.15,12,1,0.0038022420177990764,0.0028005102002722094,0.9998927252959572,1.0,0.33815064578599086,0.21275980161584343,0,0.0,0.09250825876917225
3,1.15,12,2,0.004696844270398147,0.0034982008444984307,0.9999090663059419,1.0,0.3829005511169187,0.1611130160853833,0,0.0,0.10176542927068538
3,1.15,13,1,0.004235762072512185,0.0031266897237458213,0.9998703016004217,1.0,0.33778840782198494,0.1927012064085632,0,0.0,0.07989215288371326
3,1.15,13,2,0.005118161300516782,0.003854108919629967,0.9998894902164611,1.0,0.3819970260904629,0.16348608233557022,0,0.0,0.10164312164731426
3,1.15,14,1,0.003964273733110152,0.002984174506037461,0.9998814134643922,1.0,0.337927305386729,0.19315084350487505,0,0.0,0.0887453859963338
3,1.15,14,2,0.004559499204380377,0.0034881915104610986,0.9999119590713484,1.0,0.38214575162993536,0.1574875862691669,0,0.0,0.10607003720240976
3,1.15,15,1,0.004093293305867505,0.0030470078340998075,0.9998708285855259,1.0,0.33908127161231355,0.20703582338458779,0,0.0,0.08170740630501813
3,1.15,15,2,0.004529036817664053,0.003521900561087306,0.9999149765292462,1.0,0.38437493022466473,0.18325440399627577,0,0.0,0.10926699639788635
3,1.15,16,1,0.0037821477024040564,0.002852815200259102,0.999893911921081,1.0,0.33756992241089184,0.19237617860525036,0,0.0,0.08845920460480108
3,1.15,16,2,0.004458426268917318,0.0034739577349415414,0.9999166662172971,1.0,0.38212235564446023,0.17099023837252866,0,0.0,0.11117909858583258
3,1.15,17,1,0.003901691492003367,0.0029767180176805616,0.999890731710672,1.0,0.3389831989098371,0.18217359074715234,0,0.0,0.0906793465726543
3,1.15,17,2,0.0044809080666267384,0.003461460583095883,0.9999160703821203,1.0,0.3834205105149968,0.19046062998227656,0,0.0,0.10395236240835819
3,1.15,18,1,0.0038332423378039083,0.0028835534282788916,0.9998936984033444,1.0,0.33914295730156657,0.18358947488415328,0,0.0,0.09144588826030035
3,1.15,18,2,0.004440587037217198,0.003520295895423083,0.9999165248884425,1.0,0.3837971564617365,0.17721540378060563,0,0.0,0.11034920887325902
3,1.15,19,1,0.0039814261892895325,0.0030674142688866765,0.9998806458332758,1.0,0.3390789329587608,0.21626336712433844,0,0.0,0.0796640019757968
3,1.15,19,2,0.004840856450479252,0.0036319524899702787,0.9999058598466746,1.0,0.38382984603545217,0.16422052870123394,0,0.0,0.11038394420590879
3,1.15,20,1,0.003990373991483688,0.0028890034827484495,0.9998780074937965,1.0,0.33839986386519805,0.17842213818961816,0,0.0,0.0760638352066771
3,1.15,20,2,0.004726588854412594,0.0034958294404854946,0.9999057056305781,1.0,0.3830059794336978,0.17737356937248053,0,0.0,0.09487841242720732
3,1.3,1,1,0.006950643663722685,0.0044021376093945725,0.9997324476049643,1.0,0.34439728325838115,0.18327463418793336,0,0.0,0.039837745954653336
3,1.3,1,2,0.006792896375492538,0.004972496877676802,0.999836708196925,1.0,0.3929532749951025,0.1491253973690278,0,0.0,0.0731321112129709
3,1.3,2,1,0.007702130075388593,0.004710290476677709,0.9996739992899556,1.0,0.34347932876822446,0.15578960390617377,0,0.0,0.04121847392640207
3,1.3,2,2,0.007828344333123754,0.005262353089364069,0.9997782243470335,1.0,0.3918456605859797,0.13679367196252534,0,0.0,0.045482926074916066
3,1.3,3,1,0.007442809454171504,0.004701774765253343,0.9996781682932038,1.0,0.34485746269843287,0.15206584950925028,0,0.0,0.03920027065333509
3,1.3,3,2,0.006866971595815746,0.0048475829103014284,0.9998362991742155,1.0,0.39417308364253373,0.15596026387023906,0,0.0,0.07455900516234729
3,1.3,4,1,0.007412476676584479,0.004539348836227016,0.9997165645649859,1.0,0.344278061674328,0.15155213201143558,0,0.0,0.04152220052011783
3,1.3,4,2,0.007442089270582285,0.005118036410142876,0.9998104504931651,1.0,0.3924431218519369,0.1338969160995489,0,0.0,0.091910755033443
3,1.3,5,1,0.006967293503954629,0.00431064309799355,0.9997031416812643,1.0,0.34641684282447,0.18408196955484157,0,0.0,0.05126271077101577
3,1.3,5,2,0.006834532997976823,0.0050564924934582145,0.9998427066185913,1.0,0.39624859390044626,0.17039369312324393,0,0.0,0.08922448617404001
3,1.3,6,1,0.007456272848395236,0.004443373793431682,0.9996507417712704,1.0,0.3467899111429702,0.1787889475868708,0,0.0,0.04437040386768218
3,1.3,6,2,0.006714695159919626,0.004818037192770474,0.9998514413218815,1.0,0.3975840842982309,0.1597826378424357,0,0.0,0.09313397067758078
3,1.3,7,1,0.006770507087387746,0.0045468690506780835,0.9997269641333287,1.0,0.3445509028737227,0.20658901127276783,0,0.0,0.051375656877738346
3,1.3,7,2,0.007010038614497977,0.005337248710888955,0.9998260606294292,1.0,0.39345162580031523,0.15385354705697876,0,0.0,0.09509958072598647
3,1.3,8,1,0.006735653822468979,0.004188948234695464,0.9997155937814263,1.0,0.34641517922482434,0.1842841267557351,0,0.0,0.057640311749225806
3,1.3,8,2,0.006519324897875992,0.004689346381782399,0.999856809540537,1.0,0.39651685239617207,0.1742901055699905,0,0.0,0.08633542779687055
3,1.3,9,1,0.007914551322378562,0.004745203319747548,0.999644965898313,1.0,0.3457286189407723,0.1738109926573296,0,0.0,0.05065312783298556
3,1.3,9,2,0.006971720999934348,0.005142003352733755,0.9998361979550638,1.0,0.39521114637105814,0.1554453370855277,0,0.0,0.09942983398043234
3,1.3,10,1,0.007369445205171617,0.004426994809814671,0.9997049023378108,1.0,0.3448354852301269,0.1655007385144579,0,0.0,0.03632046146024065
3,1.3,10,2,0.007401072362712891,0.00520481179523946,0.9998116064248798,1.0,0.39353739724534564,0.14162497984385097,0,0.0,0.0826472289216418
3,1.3,11,1,0.007481854391729495,0.004374906868096794,0.9996826150087027,1.0,0.3448786457294489,0.1731808925678537,0,0.0,0.030765443776000934
3,1.3,11,2,0.007589974228012559,0.00535022358944065,0.99979933639793,1.0,0.39382808689696436,0.13618413237725652,0,0.0,0.09022296767212243
3,1.3,12,1,0.006487078687946831,0.004150587918763078,0.9997422904610573,1.0,0.34477780678657155,0.19158036194716674,0,0.0,0.056775563350375785
3,1.3,12,2,0.006640262586755945,0.004903356391389107,0.9998511830958517,1.0,0.39464650372806936,0.15004232707131368,0,0.0,0.09095623894310868
3,1.3,13,1,0.007277206229914794,0.004659568219678215,0.9996853240406982,1.0,0.3444815886251964,0.1715587143388111,0,0.0,0.030262057247085222
3,1.3,13,2,0.007467756388736074,0.005370479191188811,0.999806967697807,1.0,0.39370699002388604,0.15423353316806662,0,0.0,0.07722141972238897
3,1.3,14,1,0.007206559960724395,0.004577700922512112,0.9996776791383137,1.0,0.3447645875232695,0.17708437400402746,0,0.0,0.04462232140903408
3,1.3,14,2,0.006767030029795116,0.004972387622168254,0.999840735952471,1.0,0.39401195560419977,0.14638336150287184,0,0.0,0.09052422690174203
3,1.3,15,1,0.007604040090326516,0.004748587993783367,0.9996315907340786,1.0,0.34595817750089286,0.18479506829372927,0,0.0,0.035919241572685445
3,1.3,15,2,0.006788856035188758,0.005057429639574059,0.9998431110136373,1.0,0.3964896799714855,0.17065278750587604,0,0.0,0.09404255371527834
3,1.3,16,1,0.006861925605036522,0.00429036639615669,0.9997143110442414,1.0,0.3443785358310908,0.1728415784088424,0,0.0,0.04765481621533757
3,1.3,16,2,0.0068341788062040365,0.005069966694704859,0.9998392238332612,1.0,0.39404058236790895,0.1598239819326896,0,0.0,0.09440413423091835
3,1.3,17,1,0.006747225421057152,0.0044876878122045005,0.9997305881519566,1.0,0.34579934565138365,0.16607283235166742,0,0.0,0.05317850747319511
3,1.3,17,2,0.006603893457394578,0.004965752127315837,0.9998505760196944,1.0,0.3952587152576184,0.17697720813587545,0,0.0,0.08964004791064176
3,1.3,18,1,0.006877264076504263,0.004367015364037905,0.9997178404589274,1.0,0.3459915789876929,0.16555722191829333,0,0.0,0.06301983120932222
3,1.3,18,2,0.006732949163329387,0.00512596090942656,0.9998426452090934,1.0,0.3957638838707769,0.16616420480911498,0,0.0,0.09701602692749434
3,1.3,19,1,0.006965824951561905,0.004515092352877661,0.9996995637813654,1.0,0.34606157519548225,0.1999616230658066,0,0.0,0.03793593536730687
3,1.3,19,2,0.007081315686628456,0.005171351673308388,0.9998349256489532,1.0,0.3959121166104079,0.1521538191404449,0,0.0,0.09605422761348187
3,1.3,20,1,0.007169812337946702,0.004310570605622234,0.9996748598342671,1.0,0.345283093566636,0.16107159833639406,0,0.0,0.02789397726020669
3,1.3,20,2,0.007109297635981082,0.004988202532212795,0.9998248567120497,1.0,0.3950266438228151,0.16643657347789728,0,0.0,0.07047273688547925
