System,Output,Method,Amplitude,NoiseStd,Replicates,PICP_mean,PICP_min,PICP_max,PICP_sd,MPIW_mean,MPIW_min,MPIW_max,MPIW_sd,NMPIW_mean,NMPIW_min,NMPIW_max,NMPIW_sd,RMSE_mean,RMSE_min,RMSE_max,RMSE_sd,MaxExcess_mean,MaxExcess_min,MaxExcess_max,MaxExcess_sd,MinSlack_mean,MinSlack_min,MinSlack_max,MinSlack_sd,Violations_total
1,1,MANFIZ_noise,1.0,0.005,20,1.0,1.0,1.0,0.0,0.5638163286116326,0.5617135259335015,0.5677639773868646,0.001609686350038953,0.20579300135684284,0.18412115909176718,0.23164281251680258,0.012510759252057321,0.008664562585491566,0.007988059189186207,0.00949939413443572,0.0004967489276940712,0.0,0.0,0.0,0.0,0.18083767158426228,0.1682026416597208,0.1885833955407745,0.004700265224577153,0
1,1,MANFIZ_noise,1.0,0.01,20,1.0,1.0,1.0,0.0,0.5638386083780611,0.5617444933771687,0.5677668555231669,0.0016079990971068817,0.20527868551821063,0.18327997512799213,0.2301172905555151,0.012417506680615427,0.012619471965587306,0.01188002030463865,0.01322509369173835,0.00035798578217948086,0.0,0.0,0.0,0.0,0.1725082133117827,0.15947662354559625,0.18135396877578483,0.005249123322986606,0
1,1,MANFIZ_noise,1.0,0.02,20,1.0,1.0,1.0,0.0,0.5639219210255247,0.561847443358277,0.5678946448717178,0.0016041752896263778,0.20372677609785392,0.181460620484333,0.2271398870288831,0.012136155871377587,0.02226991218635888,0.02119787178424301,0.0226792933386739,0.00031822266651727855,0.0,0.0,0.0,0.0,0.15491845378104985,0.1420450731742411,0.1654575660205198,0.0065828595050659465,0
1,1,MANFIZ_noise,1.15,0.005,20,1.0,1.0,1.0,0.0,0.5844548740658457,0.5819646155891867,0.5893206385787683,0.0019838408369935528,0.18948637534021573,0.17039624919733962,0.2117442537054168,0.010877263596816717,0.0115475921541013,0.01033119756681545,0.013147126829521532,0.0008640669222420619,0.0,0.0,0.0,0.0,0.1714929314514024,0.15280836455243493,0.18176163983883648,0.0071130476033915155,0
1,1,MANFIZ_noise,1.15,0.01,20,1.0,1.0,1.0,0.0,0.5844750162740977,0.58199499193214,0.5893261132186601,0.001982831391175491,0.18907396772661678,0.16982650953038297,0.21051212735226602,0.01078507268268869,0.014754976585526464,0.013667525586422159,0.016071562505305302,0.0006917858060587858,0.0,0.0,0.0,0.0,0.16345086895229075,0.1459932805704109,0.174347482228325,0.007142858151160681,0
1,1,MANFIZ_noise,1.15,0.02,20,1.0,1.0,1.0,0.0,0.5845497682535677,0.5820916334916563,0.5893658301820212,0.00198024633308543,0.18783480396291433,0.1683186024690507,0.20810133674376977,0.010557083875803494,0.02355881035874318,0.022240349807266132,0.02449203237701538,0.0004981963705722085,0.0,0.0,0.0,0.0,0.14597696307733596,0.13236328777394016,0.1611927938650934,0.008036835457354122,0
1,1,MANFIZ_noise,1.3,0.005,20,1.0,1.0,1.0,0.0,0.6047226573398636,0.6017256622929235,0.6105942263642639,0.0024067242431241027,0.17706113751985816,0.16006904939120542,0.19672164235087336,0.009645328466993681,0.0158294786122234,0.013944727474105103,0.018340910977738715,0.0012764278850168663,0.0,0.0,0.0,0.0,0.15210569774425495,0.12189774825140265,0.1729927531103193,0.015833747007863764,0
1,1,MANFIZ_noise,1.3,0.01,20,1.0,1.0,1.0,0.0,0.6047407362813146,0.6017469169994906,0.6105989990943308,0.0024060622669782724,0.17667423202000515,0.15973333713149315,0.19569162643104818,0.009520732867460031,0.01830587299972664,0.016698386260339836,0.020561921474665148,0.0011239434961897844,0.0,0.0,0.0,0.0,0.14586702536964913,0.11348423401383939,0.1706075221181901,0.016586540211009356,0
1,1,MANFIZ_noise,1.3,0.02,20,1.0,1.0,1.0,0.0,0.6048070600955449,0.6018213332967078,0.6106337561872949,0.0024041886190880935,0.17570273126398042,0.15844316633283856,0.19367278243286343,0.009378796069361362,0.02594750982581377,0.024245425567278357,0.027692587496265828,0.0008429320235184581,0.0,0.0,0.0,0.0,0.1297063570290376,0.096657306438931,0.15707847343168482,0.016375363248721155,0
1,1,MANFIZ_validation,1.0,0.005,20,1.0,1.0,1.0,0.0,0.44011156551241637,0.4379441268975691,0.44403248361536163,0.0016025594156711225,0.16064389413788643,0.14372874079099088,0.1808257332519846,0.00982656247743294,0.008664562585491566,0.007988059189186207,0.00949939413443572,0.0004967489276940712,0.0,0.0,0.0,0.0,0.12441104965445132,0.11156121158755478,0.13100171389680787,0.004428791271617256,0
1,1,MANFIZ_validation,1.0,0.01,20,1.0,1.0,1.0,0.0,0.4401338452788449,0.4379750943412379,0.44403536175166436,0.0016008925705075646,0.16024421212483014,0.14307372626668757,0.179634269622527,0.009754469677001748,0.012619471965587306,0.01188002030463865,0.01322509369173835,0.00035798578217948086,0.0,0.0,0.0,0.0,0.11630685181423868,0.10283519347343023,0.12540604511352474,0.005296657600697259,0
1,1,MANFIZ_validation,1.0,0.02,20,1.0,1.0,1.0,0.0,0.4402171579263086,0.4380780443223436,0.444147890215954,0.0015971352225013086,0.1590393422868572,0.1416594124582689,0.1773119776655203,0.00953524500029577,0.02226991218635888,0.02119787178424301,0.0226792933386739,0.00031822266651727855,0.0,0.0,0.0,0.0,0.09825869858000778,0.08540364310207507,0.10869534073919138,0.006148767935858448,0
1,1,MANFIZ_validation,1.15,0.005,20,1.0,1.0,1.0,0.0,0.46094328155377084,0.45835398438659947,0.46581163362702604,0.001993553261771078,0.14944603568393794,0.13439539087170124,0.16700764606780458,0.008649842339886022,0.0115475921541013,0.01033119756681545,0.013147126829521532,0.0008640669222420619,0.0,0.0,0.0,0.0,0.11618661540105836,0.10159055754234997,0.12655833143208364,0.00636417767917889,0
1,1,MANFIZ_validation,1.15,0.01,20,1.0,1.0,1.0,0.0,0.4609634237620232,0.45838436072955313,0.4658171082669189,0.001992511215712807,0.14912217203412312,0.13394733216836516,0.16603510411519443,0.008577947436881192,0.014754976585526464,0.013667525586422159,0.016071562505305302,0.0006917858060587858,0.0,0.0,0.0,0.0,0.10816895571955071,0.09477547356032592,0.11914417382157216,0.006541952523872048,0
1,1,MANFIZ_validation,1.15,0.02,20,1.0,1.0,1.0,0.0,0.46103817574149286,0.4584810022890683,0.46585682523027827,0.0019898771886527993,0.14814988342685115,0.13276283716976706,0.1641345485451111,0.00839824184023932,0.02355881035874318,0.022240349807266132,0.02449203237701538,0.0004981963705722085,0.0,0.0,0.0,0.0,0.09080176991692926,0.07581266928166755,0.10636025657089612,0.008002747953907782,0
1,1,MANFIZ_validation,1.3,0.005,20,1.0,1.0,1.0,0.0,0.4813450895117085,0.47822455538974495,0.48725301120975284,0.0024362957480650077,0.14094005565498452,0.12742559628774064,0.15659134369535854,0.007757665348075827,0.0158294786122234,0.013944727474105103,0.018340910977738715,0.0012764278850168663,0.0,0.0,0.0,0.0,0.09847393999376251,0.0727015087937321,0.11810947767262187,0.014704322665376982,0
1,1,MANFIZ_validation,1.3,0.01,20,1.0,1.0,1.0,0.0,0.48136316845315974,0.4782458100963124,0.48725778393982133,0.0024355913479631895,0.1406331448970325,0.1271594909937839,0.15577058952709555,0.007659010057108494,0.01830587299972664,0.016698386260339836,0.020561921474665148,0.0011239434961897844,0.0,0.0,0.0,0.0,0.0919973617193179,0.06428799455616885,0.1139870233795886,0.01530076018500757,0
1,1,MANFIZ_validation,1.3,0.02,20,1.0,1.0,1.0,0.0,0.48142949226738974,0.47832022639352983,0.48729254103278463,0.00243363171188897,0.1398637109356401,0.12613643464975913,0.1541637893645632,0.007545533427146874,0.02594750982581377,0.024245425567278357,0.027692587496265828,0.0008429320235184581,0.0,0.0,0.0,0.0,0.07562176544397425,0.04746106698126043,0.10071650602277088,0.015115967956058029,0
1,2,MANFIZ_noise,1.0,0.005,20,1.0,1.0,1.0,0.0,0.5923417092077602,0.5890271076126419,0.5962520036012554,0.0021152842612456833,0.22852373657817926,0.19738055131087062,0.26188608029057103,0.01732379782415979,0.007411625985016656,0.007164728273441558,0.007838514292344431,0.0001934160468351391,0.0,0.0,0.0,0.0,0.16991523561415844,0.14256379126154423,0.18205263273880362,0.009534691250470078,0
1,2,MANFIZ_noise,1.0,0.01,20,1.0,1.0,1.0,0.0,0.592373766290711,0.5890740912117576,0.5962818774818305,0.0021186616091826305,0.22789094565520226,0.19754922940461028,0.2607986180529124,0.017038687297727617,0.01174496771400087,0.011365056636141723,0.01212940552887894,0.00020025636462727025,0.0,0.0,0.0,0.0,0.16319270546857012,0.13585685902052597,0.17420163222782137,0.009494228259222906,0
1,2,MANFIZ_noise,1.0,0.02,20,1.0,1.0,1.0,0.0,0.5924898765674594,0.5892181536954739,0.5963966875447757,0.00212689187646918,0.2265076728330686,0.1962364883995627,0.2586501442541249,0.016487434817287858,0.02167577895208554,0.02101272098415202,0.022127022532913546,0.00031736273566170464,0.0,0.0,0.0,0.0,0.14809528770109637,0.12249533375350158,0.16157660757367387,0.009402865118805196,0
1,2,MANFIZ_noise,1.15,0.005,20,1.0,1.0,1.0,0.0,0.6168866409055169,0.612772942383515,0.6216743371402281,0.002630620413415687,0.20997866889925743,0.18117528554430914,0.24107033961056956,0.01596043979411878,0.009084556699355654,0.008572450930285901,0.009984217865341346,0.00032267263770112924,0.0,0.0,0.0,0.0,0.16385338152884577,0.13131310577697639,0.17925348805353805,0.012380943168817568,0
1,2,MANFIZ_noise,1.15,0.01,20,1.0,1.0,1.0,0.0,0.6169159239888153,0.6128170977595965,0.6217045131114602,0.002635671411457786,0.20950017490871042,0.18131101089329657,0.24018725676196612,0.01573652688031301,0.012867868812834395,0.012325578461674326,0.013590650678138194,0.00028726511457192116,0.0,0.0,0.0,0.0,0.15696227408901733,0.1237563801293155,0.1747871053761963,0.012614638687282218,0
1,2,MANFIZ_noise,1.15,0.02,20,1.0,1.0,1.0,0.0,0.6170211346230949,0.612948328261545,0.6218133498577177,0.0026472313025557247,0.20837757344409952,0.1802079044153199,0.2383184395307727,0.0152797146253103,0.02230721732565982,0.021563033042969956,0.022903490055606966,0.00035908025176687456,0.0,0.0,0.0,0.0,0.14176737938838743,0.10814721415195538,0.15908122916010084,0.012970641736431152,0
1,2,MANFIZ_noise,1.3,0.005,20,1.0,1.0,1.0,0.0,0.6408078312617742,0.6358042901237814,0.6465546364630579,0.0031848224369681087,0.19546808282050013,0.16846593782093314,0.2249360821204933,0.014945945924088096,0.012002337526695783,0.011118224863113362,0.01355063122662543,0.00052219619957812,0.0,0.0,0.0,0.0,0.1553661959235552,0.11298498338044452,0.17855893843990217,0.016838176872377916,0
1,2,MANFIZ_noise,1.3,0.01,20,1.0,1.0,1.0,0.0,0.6408342216821532,0.6358453962352455,0.6465830351002889,0.0031913900230881725,0.19508645097232943,0.1685164678904742,0.2241982899471454,0.014754569236869696,0.015071855432719324,0.014206811448279915,0.01637585824144307,0.0004557418358619949,0.0,0.0,0.0,0.0,0.14855844274128444,0.1051350226625081,0.1754680125670359,0.017358612685530243,0
1,2,MANFIZ_noise,1.3,0.02,20,1.0,1.0,1.0,0.0,0.6409282401587874,0.6359668887791944,0.6466823916322757,0.0032058552469655588,0.194155414991236,0.16753452016055692,0.2224783032826984,0.014364675403390408,0.02365103281629752,0.02268812946802042,0.02464023905213031,0.00045156832186125706,0.0,0.0,0.0,0.0,0.1339229266001559,0.08943985462503687,0.15943069093245488,0.017957727141986998,0
1,2,MANFIZ_validation,1.0,0.005,20,1.0,1.0,1.0,0.0,0.4676603357543427,0.4644163032456904,0.4714167184915157,0.0020723782751561628,0.18042541884259672,0.1556621162648533,0.20689206818657604,0.013726918276939396,0.007411625985016656,0.007164728273441558,0.007838514292344431,0.0001934160468351391,0.0,0.0,0.0,0.0,0.11258139094960559,0.08704400713629108,0.1255692077266809,0.008933720065859222,0
1,2,MANFIZ_validation,1.0,0.01,20,1.0,1.0,1.0,0.0,0.4676923928372937,0.4644632868448064,0.47144659237209025,0.0020758442235563066,0.1799283511719187,0.15579687338660875,0.2060379990938614,0.013501780149118582,0.01174496771400087,0.011365056636141723,0.01212940552887894,0.00020025636462727025,0.0,0.0,0.0,0.0,0.10575467659200932,0.0803370748952728,0.11771820721569864,0.008857484184287555,0
1,2,MANFIZ_validation,1.0,0.02,20,1.0,1.0,1.0,0.0,0.4678085031140421,0.46460734932852343,0.4715614024350351,0.002084228009053353,0.17884535544141375,0.15473410147346608,0.20435540729897575,0.013065736915299699,0.02167577895208554,0.02101272098415202,0.022127022532913546,0.00031736273566170464,0.0,0.0,0.0,0.0,0.09061944121781296,0.06697554962824842,0.10348693577318424,0.008878482470202332,0
1,2,MANFIZ_validation,1.15,0.005,20,1.0,1.0,1.0,0.0,0.4924974518068271,0.48844817078258046,0.49714058637447617,0.0025907937181039466,0.16764231160216683,0.14446299331824,0.19261994626587559,0.012799451344527634,0.009084556699355654,0.008572450930285901,0.009984217865341346,0.00032267263770112924,0.0,0.0,0.0,0.0,0.10740833202768553,0.07663703863906043,0.12350804822995026,0.011619126167542458,0
1,2,MANFIZ_validation,1.15,0.01,20,1.0,1.0,1.0,0.0,0.492526734890125,0.488492326158663,0.4971707623457074,0.0025958931765478577,0.16726226572413136,0.1445723851931406,0.1919185344392171,0.012620959032704734,0.012867868812834395,0.012325578461674326,0.013590650678138194,0.00028726511457192116,0.0,0.0,0.0,0.0,0.10052209521387354,0.07000215774740423,0.11663627403609494,0.011669705406467383,0
1,2,MANFIZ_validation,1.15,0.02,20,1.0,1.0,1.0,0.0,0.4926319455244047,0.4886235566606118,0.49727959909196634,0.0026075518872693774,0.16637295894773707,0.14366212290328917,0.19043729975018375,0.01225520310881769,0.02230721732565982,0.021563033042969956,0.022903490055606966,0.00035908025176687456,0.0,0.0,0.0,0.0,0.08516111260848236,0.05448228880858352,0.10151690668698307,0.011831451536089261,0
1,2,MANFIZ_validation,1.3,0.005,20,1.0,1.0,1.0,0.0,0.5166902290967116,0.511734254225406,0.5223010163253837,0.0031508369637219414,0.1576121761818934,0.13564663592911952,0.18155500629378152,0.012115516846921286,0.012002337526695783,0.011118224863113362,0.01355063122662543,0.00052219619957812,0.0,0.0,0.0,0.0,0.10018719721239992,0.06049003543561149,0.12107844275485036,0.01570039693892472,0
1,2,MANFIZ_validation,1.3,0.01,20,1.0,1.0,1.0,0.0,0.5167166195170905,0.5117753603368711,0.5223294149626165,0.0031574780045509317,0.15730597353988385,0.13565692933424806,0.18096322914434942,0.011961417349493476,0.015071855432719324,0.014206811448279915,0.01637585824144307,0.0004557418358619949,0.0,0.0,0.0,0.0,0.09346482186056876,0.05264007471767507,0.1160788706165708,0.016164967133471767,0
1,2,MANFIZ_validation,1.3,0.02,20,1.0,1.0,1.0,0.0,0.516810637993725,0.5118968528808193,0.5224287714946038,0.0031720825650433044,0.15656058465136297,0.13486789251516107,0.17958515139033096,0.011646256501066363,0.02365103281629752,0.02268812946802042,0.02464023905213031,0.00045156832186125706,0.0,0.0,0.0,0.0,0.07859686565131745,0.03694490668020384,0.10166845041957567,0.01696540433419678,0
2,1,MANFIZ_noise,1.0,0.005,20,1.0,1.0,1.0,0.0,0.4335323571994319,0.432324083054078,0.43433738938812794,0.0005730411434980271,0.23974194025619078,0.20241664821626978,0.2801879176462313,0.022378017464301972,0.006561554821070784,0.006220276388461756,0.006993054035442154,0.00017631503760487098,0.0,0.0,0.0,0.0,0.1670149554626543,0.16243217316283298,0.16943253436331218,0.001739953436684009,0
2,1,MANFIZ_noise,1.0,0.01,20,1.0,1.0,1.0,0.0,0.4335439501612839,0.43232788108723424,0.4343279754980879,0.0005688365399969326,0.2388876094725223,0.20215936808904245,0.279320945736334,0.022306773682225254,0.011197194585931852,0.010786323798678136,0.011668808121024807,0.00020583057297657686,0.0,0.0,0.0,0.0,0.15819705986518662,0.15515832535217128,0.16075125701106543,0.0018129073649850785,0
2,1,MANFIZ_noise,1.0,0.02,20,1.0,1.0,1.0,0.0,0.4335938091302262,0.4323676240732394,0.43433084593591564,0.000559920505911031,0.2364836809111026,0.20117542932314234,0.27677217663360004,0.02186639791593699,0.021317042558106233,0.0206401448025137,0.021976174444660962,0.00032581772269661913,0.0,0.0,0.0,0.0,0.13908995865256243,0.13387540823124863,0.14404899309508443,0.0029174026787891307,0
2,1,MANFIZ_noise,1.15,0.005,20,1.0,1.0,1.0,0.0,0.44588900200310766,0.44431790665487086,0.4471637453946841,0.0008240825781130218,0.20695027306651217,0.1701003707508536,0.24534794633545048,0.021098898358321332,0.008256535674134268,0.007699838388578042,0.00887731741047627,0.0002543637178325995,0.0,0.0,0.0,0.0,0.1576239622319872,0.1472018551676139,0.16555648175205329,0.004567943509490671,0
2,1,MANFIZ_noise,1.15,0.01,20,1.0,1.0,1.0,0.0,0.44589915592175394,0.4443207812488919,0.4471510588087819,0.0008185316870768439,0.20641269233509835,0.16992342546488926,0.24501924415891138,0.021103513595462732,0.01227747473702423,0.011670537183340301,0.012919910974650093,0.0002620245364198894,0.0,0.0,0.0,0.0,0.14935838418414438,0.1378221087625085,0.15927285697557325,0.005121331723564318,0
2,1,MANFIZ_noise,1.15,0.02,20,1.0,1.0,1.0,0.0,0.44594338901969083,0.44435588609982984,0.4471444215774331,0.0008064986929531663,0.2049996595480015,0.1695818469811066,0.2443746590299738,0.02098913574950272,0.021921898262928455,0.02108613132279112,0.02271106716464277,0.0003580526696931566,0.0,0.0,0.0,0.0,0.1313500372973912,0.11906432662707211,0.14041377943242261,0.005889418680951474,0
2,1,MANFIZ_noise,1.3,0.005,20,1.0,1.0,1.0,0.0,0.45833507459038497,0.4563390762942399,0.4601051437658336,0.001106941319455721,0.1766281162432939,0.14386038575326407,0.21118062028183268,0.018206501502469087,0.01332120210323825,0.012035139360175359,0.014152043779345548,0.00047968276773006425,0.0,0.0,0.0,0.0,0.12270356539808971,0.10081712513588373,0.14091279621317043,0.012782665545262027,0
2,1,MANFIZ_noise,1.3,0.01,20,1.0,1.0,1.0,0.0,0.45834419538844823,0.4563418488017934,0.4600902548242197,0.0011007343702096803,0.17629610961237063,0.1437372403186671,0.21094207316931876,0.01828450150947359,0.01613260188480533,0.015127160256869443,0.01702428648771446,0.0004386482878763524,0.0,0.0,0.0,0.0,0.11582042987193382,0.09144072124683993,0.13666603498443725,0.01323342966789578,0
2,1,MANFIZ_noise,1.3,0.02,20,1.0,1.0,1.0,0.0,0.4583842685273283,0.45637409445296256,0.4600775626313523,0.0010871921491114403,0.17550604429191624,0.1434999809321865,0.21047436229018818,0.018315636463266064,0.02430792160098856,0.023398415697521272,0.02533627608602603,0.0004449291615860816,0.0,0.0,0.0,0.0,0.0991845173634383,0.07269005104038213,0.11830954287115267,0.013148381286427516,0
2,1,MANFIZ_validation,1.0,0.005,20,1.0,1.0,1.0,0.0,0.32571105219705043,0.3244289464574669,0.3266047418947769,0.0005843362496254223,0.1801225642999074,0.15189951820944864,0.21069036366820254,0.016873345237292916,0.006561554821070784,0.006220276388461756,0.006993054035442154,0.00017631503760487098,0.0,0.0,0.0,0.0,0.11333057086725115,0.10699698351418357,0.11758234784407007,0.0023686804477263774,0
2,1,MANFIZ_validation,1.0,0.01,20,1.0,1.0,1.0,0.0,0.3257226451589028,0.32443274449062365,0.3265953280047373,0.0005802242450275944,0.17948222409182982,0.15170689072533863,0.2100369330037619,0.01681904456564488,0.011197194585931852,0.010786323798678136,0.011668808121024807,0.00020583057297657686,0.0,0.0,0.0,0.0,0.10461123055275173,0.09972313570352188,0.10853531337934495,0.002632005091677513,0
2,1,MANFIZ_validation,1.0,0.02,20,1.0,1.0,1.0,0.0,0.3257725041278453,0.3244724874766291,0.3265981984425648,0.0005713529592177858,0.17768266910197233,0.15097312642586208,0.20812082566408005,0.016486672232815303,0.021317042558106233,0.0206401448025137,0.021976174444660962,0.00032581772269661913,0.0,0.0,0.0,0.0,0.08541278206524697,0.07846844431761704,0.09022410131192699,0.003426648052416082,0
2,1,MANFIZ_validation,1.15,0.005,20,1.0,1.0,1.0,0.0,0.3373766018253124,0.3357037032012351,0.33876418819363596,0.0008380012853831208,0.15659238163595063,0.128519070516148,0.18587172757474787,0.016025542536263954,0.008256535674134268,0.007699838388578042,0.00887731741047627,0.0002543637178325995,0.0,0.0,0.0,0.0,0.10120777055400472,0.08940045291879092,0.10793999486140315,0.0050669632946966706,0
2,1,MANFIZ_validation,1.15,0.01,20,1.0,1.0,1.0,0.0,0.3373867557439586,0.3357065777952555,0.338751501607734,0.0008325253028999721,0.15618673204337682,0.12838564851665354,0.18562102279873463,0.01602856290302793,0.01227747473702423,0.011670537183340301,0.012919910974650093,0.0002620245364198894,0.0,0.0,0.0,0.0,0.09306050543048133,0.08002070651368554,0.10565455080728783,0.005782749316132808,0
2,1,MANFIZ_validation,1.15,0.02,20,1.0,1.0,1.0,0.0,0.33743098884189526,0.33574168264619364,0.33874486437638357,0.0008205163928641815,0.15512242003912172,0.12813084384099907,0.1851318203592933,0.015941535636669023,0.021921898262928455,0.02108613132279112,0.02271106716464277,0.0003580526696931566,0.0,0.0,0.0,0.0,0.07518274316746454,0.06126292437824915,0.08598531348440056,0.006250564113040946,0
2,1,MANFIZ_validation,1.3,0.005,20,1.0,1.0,1.0,0.0,0.34915961300824583,0.34703445795723703,0.35106156573079783,0.0011206867708989667,0.13456135530428556,0.1094022265128409,0.16113142878896572,0.013933860194955645,0.01332120210323825,0.012035139360175359,0.014152043779345548,0.00047968276773006425,0.0,0.0,0.0,0.0,0.06525406268543406,0.04248954283577444,0.08389955205789149,0.013277717360245503,0
2,1,MANFIZ_validation,1.3,0.01,20,1.0,1.0,1.0,0.0,0.3491687338063093,0.34703723046479107,0.35104667678918416,0.001114505707223236,0.13430923769729347,0.10930878666030047,0.16094779883873378,0.013992599702989631,0.01613260188480533,0.015127160256869443,0.01702428648771446,0.0004386482878763524,0.0,0.0,0.0,0.0,0.058143638388508535,0.03311313894673064,0.07825191196011608,0.013542317802190696,0
2,1,MANFIZ_validation,1.3,0.02,20,1.0,1.0,1.0,0.0,0.3492088069451889,0.34706947611595995,0.3510339845963158,0.0011009324603918234,0.13371091410157004,0.10913078505142329,0.16058956152420387,0.01401516683106124,0.02430792160098856,0.023398415697521272,0.02533627608602603,0.0004449291615860816,0.0,0.0,0.0,0.0,0.04155404980237985,0.014362468740272846,0.059506031616784305,0.013406759461921349,0
2,2,MANFIZ_noise,1.0,0.005,20,1.0,1.0,1.0,0.0,0.3938580525750994,0.391637461946574,0.3955988454496811,0.0011872620592474255,0.2667667898040565,0.24052277095051833,0.28686266041580777,0.012394977375698219,0.006655646176605153,0.00626125384363661,0.00697209925162891,0.00017990774510317516,0.0,0.0,0.0,0.0,0.12064059212715149,0.11494461627955198,0.1306319434451071,0.0036536318727673693,0
2,2,MANFIZ_noise,1.0,0.01,20,1.0,1.0,1.0,0.0,0.3938761738803217,0.3916471383233495,0.3956276534134719,0.0011855778414386498,0.2650563511374315,0.23871287097118468,0.285005894276027,0.012462395247764163,0.01117308291956307,0.010696676030618454,0.01157092457686346,0.0002066085930397272,0.0,0.0,0.0,0.0,0.11301679152488862,0.10647188571508895,0.12388998002486773,0.004276801552029663,0
2,2,MANFIZ_noise,1.0,0.02,20,1.0,1.0,1.0,0.0,0.39394545054856767,0.3917070866770443,0.3957158408059055,0.0011803700433905887,0.2612804611022248,0.23519399516107498,0.28068306044636193,0.012477982645774214,0.021134041162320635,0.02038291999143116,0.0218037682121851,0.00034905005165211986,0.0,0.0,0.0,0.0,0.09580671193526527,0.08832920748690264,0.11040826845852046,0.005208177055789249,0
2,2,MANFIZ_noise,1.15,0.005,20,1.0,1.0,1.0,0.0,0.4159190760837105,0.41333639248338583,0.4182406446355106,0.0015072927951933891,0.25423137160075593,0.22711554498802594,0.2755920889943158,0.012245721915998927,0.008331725680455888,0.007639199878592997,0.00904757484860728,0.0003244915674888888,0.0,0.0,0.0,0.0,0.12137641437327547,0.11419144084660564,0.13317548611444935,0.004315311701453945,0
2,2,MANFIZ_noise,1.15,0.01,20,1.0,1.0,1.0,0.0,0.41593506024120697,0.41334141138139857,0.4182223780146804,0.0015053907157643542,0.2528179824145705,0.22558444214616727,0.2734278461670514,0.012227491780147603,0.012262663798472639,0.011551818874532185,0.012806521032809593,0.00028728612571499146,0.0,0.0,0.0,0.0,0.11389204599707833,0.10572035334072177,0.12641160074006252,0.0048440122692917295,0
2,2,MANFIZ_noise,1.15,0.02,20,1.0,1.0,1.0,0.0,0.4159959168102813,0.4133849327140288,0.4182081170906681,0.0014991959349806207,0.24946983002376275,0.2225989855899118,0.26921634782022313,0.012166049734708556,0.021758022683274862,0.02084189326798518,0.022488075107967548,0.0003798945168243592,0.0,0.0,0.0,0.0,0.09694868180152481,0.08878411067862532,0.11288692278654797,0.005705548839006486,0
2,2,MANFIZ_noise,1.3,0.005,20,1.0,1.0,1.0,0.0,0.4377475356579581,0.4348258497183421,0.4406866280052971,0.0018279550344821093,0.24427367961122315,0.21745005005746212,0.2674315718223474,0.011582617791854245,0.012217744508698258,0.011258720185739585,0.013494615695112643,0.0005464864890088565,0.0,0.0,0.0,0.0,0.12072638554289356,0.08949351456428328,0.13281915971811906,0.00847104202641837,0
2,2,MANFIZ_noise,1.3,0.01,20,1.0,1.0,1.0,0.0,0.4377616319621569,0.43482996374975674,0.4406669976624816,0.001825983639468677,0.2430129680373496,0.2161142140810271,0.2652170260540079,0.011488109833998445,0.015190093850774708,0.014206817320462962,0.016266988226981582,0.0004777442455059345,0.0,0.0,0.0,0.0,0.11339467008329095,0.0835777117849048,0.12470535349586931,0.00843353664370066,0
2,2,MANFIZ_noise,1.3,0.02,20,1.0,1.0,1.0,0.0,0.437816189867606,0.4348703898686804,0.4406478579345868,0.0018202659145040332,0.24006921874176734,0.21350309400098427,0.2609102667296216,0.01143419172583055,0.02356368362225187,0.022426131413639357,0.02443485383379871,0.00046615123848523323,0.0,0.0,0.0,0.0,0.09662704819041036,0.07174611367713901,0.10849924624587837,0.007910055160148576,0
2,2,MANFIZ_validation,1.0,0.005,20,1.0,1.0,1.0,0.0,0.28854599484106375,0.28639474466560544,0.2902328648914253,0.001161113026358189,0.1954404387395203,0.17611784955886844,0.21002315689682105,0.009166945570214987,0.006655646176605153,0.00626125384363661,0.00697209925162891,0.00017990774510317516,0.0,0.0,0.0,0.0,0.07014430842864938,0.06466883815945754,0.07922157576964438,0.003470259234506947,0
2,2,MANFIZ_validation,1.0,0.01,20,1.0,1.0,1.0,0.0,0.28856411614628585,0.28640442104238073,0.2902270113788658,0.0011591309625660308,0.19419056761297349,0.17479707939981465,0.2086692479999873,0.009214514023807957,0.01117308291956307,0.010696676030618454,0.01157092457686346,0.0002066085930397272,0.0,0.0,0.0,0.0,0.062506372557575,0.05619610759499449,0.072479612349405,0.004245802905951681,0
2,2,MANFIZ_validation,1.0,0.02,20,1.0,1.0,1.0,0.0,0.28863339281453204,0.2864643693960756,0.2903151987712991,0.0011532754546179115,0.1914364624207743,0.17223450822801634,0.20552118378021622,0.009223600556882802,0.021134041162320635,0.02038291999143116,0.0218037682121851,0.00034905005165211986,0.0,0.0,0.0,0.0,0.045130609864383046,0.03747347366780582,0.05816218521591961,0.004969398712239626,0
2,2,MANFIZ_validation,1.15,0.005,20,1.0,1.0,1.0,0.0,0.3099187306448224,0.3074157058368316,0.3122173424285409,0.001476107612827594,0.18944181679333416,0.1691391040702007,0.20518881567080452,0.00921350133007103,0.008331725680455888,0.007639199878592997,0.00904757484860728,0.0003244915674888888,0.0,0.0,0.0,0.0,0.07095935517904588,0.06378643515259846,0.08165708712759488,0.0041699198989705874,0
2,2,MANFIZ_validation,1.15,0.01,20,1.0,1.0,1.0,0.0,0.30993471480231866,0.30742072473484566,0.3121990758077097,0.0014739941163485883,0.18839115027996015,0.16800209255446555,0.2035824169737579,0.009200288372444161,0.012262663798472639,0.011551818874532185,0.012806521032809593,0.00028728612571499146,0.0,0.0,0.0,0.0,0.06352731728587159,0.0554963698277874,0.07489320175320804,0.00482058943654624,0
2,2,MANFIZ_validation,1.15,0.02,20,1.0,1.0,1.0,0.0,0.30999557137139305,0.30746424606747536,0.3121848148836979,0.001467371765918704,0.1859054549488536,0.16578896135769386,0.20046049995851306,0.009151573942228913,0.021758022683274862,0.02084189326798518,0.022488075107967548,0.0003798945168243592,0.0,0.0,0.0,0.0,0.046322115750837944,0.038100410566504275,0.06136852379969351,0.005597784961306061,0
2,2,MANFIZ_validation,1.3,0.005,20,1.0,1.0,1.0,0.0,0.33108063839288066,0.32824784402076773,0.33398206151382365,0.0017923860555611134,0.18475366307613345,0.16436982784948453,0.20208506385217395,0.008839068040950485,0.012217744508698258,0.011258720185739585,0.013494615695112643,0.0005464864890088565,0.0,0.0,0.0,0.0,0.06941305924125445,0.028821346617072002,0.083020311006057,0.01055165395399152,0
2,2,MANFIZ_validation,1.3,0.01,20,1.0,1.0,1.0,0.0,0.33109473469707906,0.32825195805218066,0.3339624311710089,0.0017902335838114601,0.18380203753664454,0.16336247548871838,0.20041605788292616,0.008767379430135187,0.015190093850774708,0.014206817320462962,0.016266988226981582,0.0004777442455059345,0.0,0.0,0.0,0.0,0.06246730453198494,0.022905543837693526,0.07490650478380725,0.010561875982550846,0
2,2,MANFIZ_validation,1.3,0.02,20,1.0,1.0,1.0,0.0,0.33114929260252857,0.3282923841711059,0.3339432914431144,0.001784195952945144,0.18158281547628893,0.1613962749515997,0.19717350056980917,0.008725083634197842,0.02356368362225187,0.022426131413639357,0.02443485383379871,0.00046615123848523323,0.0,0.0,0.0,0.0,0.04563631319971291,0.011073945729927731,0.05870039753381631,0.009810382353740616,0
3,1,MANFIZ_noise,1.0,0.005,20,1.0,1.0,1.0,0.0,0.45811423500331067,0.45687095051819715,0.4593320341648877,0.0006772384280486457,0.2982256250657659,0.26613008589955234,0.33120857411462623,0.01954055514725452,0.006058943193252946,0.005862036719768779,0.006213514540981664,9.2573419936318e-05,0.0,0.0,0.0,0.0,0.16211775318804472,0.1545945126641404,0.16782175816144626,0.0038068958255863183,0
3,1,MANFIZ_noise,1.0,0.01,20,1.0,1.0,1.0,0.0,0.4581265590240944,0.4568908599752666,0.45934664428471345,0.0006761175792583085,0.29677122158806374,0.2650595391858755,0.3276199830666707,0.019191252111055525,0.011188636901867142,0.010827377168606553,0.011397664557275462,0.00015712068451864152,0.0,0.0,0.0,0.0,0.15356665150232507,0.1433790526232342,0.161057798791571,0.005099782239959322,0
3,1,MANFIZ_noise,1.0,0.02,20,1.0,1.0,1.0,0.0,0.4581703746346301,0.45694658464269244,0.4593927872683938,0.0006726713596301204,0.2930398078647022,0.2621222736236401,0.3240259991467325,0.01866803036378882,0.02189318497750947,0.021186728755290134,0.022269759060092483,0.00030524160692955565,0.0,0.0,0.0,0.0,0.13281376905738032,0.11911530832333311,0.1395533828093281,0.005700390782435887,0
3,1,MANFIZ_noise,1.15,0.005,20,1.0,1.0,1.0,0.0,0.46548786559317384,0.46400711601171457,0.4668962367269349,0.0007838441444607577,0.26603767596989963,0.23450514650404924,0.3099800081105065,0.020870234444028538,0.0067322086734249685,0.006521293390940798,0.007042014694211637,0.00013395895582351863,0.0,0.0,0.0,0.0,0.143619017213457,0.13103693116217782,0.15317432450566118,0.006649481473263092,0
3,1,MANFIZ_noise,1.15,0.01,20,1.0,1.0,1.0,0.0,0.46549911335311733,0.4640258960740499,0.46690991162710904,0.0007827721189340635,0.2650056121873879,0.23359419148015684,0.30690057786407077,0.02053285826344145,0.01156426045008826,0.011229198660306838,0.011866752010180458,0.00017264689644151551,0.0,0.0,0.0,0.0,0.13659561990181107,0.1201284200342029,0.14829886028400782,0.00796145382525524,0
3,1,MANFIZ_noise,1.15,0.02,20,1.0,1.0,1.0,0.0,0.46553965121926716,0.4640781599283903,0.46695097094999727,0.0007799061780037489,0.26223215895848073,0.23035961544473993,0.3008965260539102,0.01996027272793327,0.022087119629011644,0.02141777214539451,0.02248264901142365,0.00031177581820749576,0.0,0.0,0.0,0.0,0.1195571188983166,0.09770041133320359,0.13682270212696476,0.01019160369103303,0
3,1,MANFIZ_noise,1.3,0.005,20,1.0,1.0,1.0,0.0,0.47233715409293825,0.4706361431002592,0.47389389969197376,0.0008749481557890985,0.2387898181538847,0.2074609274635422,0.28296181061201786,0.020081072202835146,0.008976746368059571,0.008413102991007558,0.009641048967690797,0.0003137358156392081,0.0,0.0,0.0,0.0,0.10313695412189808,0.08164732400549804,0.11825773749130594,0.010867117401628672,0
3,1,MANFIZ_noise,1.3,0.01,20,1.0,1.0,1.0,0.0,0.47234767821358037,0.47065311174757646,0.473906143193279,0.0008741492863656359,0.23801775862673996,0.2068449705535941,0.28313141470518,0.019912984801839385,0.012995972000115317,0.012603252945503634,0.013566457095829362,0.00027854082694033443,0.0,0.0,0.0,0.0,0.09783568633361832,0.07260652666458789,0.11346334571080213,0.012216775225519332,0
3,1,MANFIZ_noise,1.3,0.02,20,1.0,1.0,1.0,0.0,0.4723850974037377,0.4707019026565445,0.4739447823492066,0.0008721573854538618,0.23577167244715624,0.2041645064347056,0.2805452288803885,0.01942912229495946,0.02286750723147754,0.022269577793082952,0.02342251726698633,0.0003546895479104669,0.0,0.0,0.0,0.0,0.08389992797092871,0.05452504793017282,0.10387456214979393,0.015641917087939352,0
3,1,MANFIZ_validation,1.0,0.005,20,1.0,1.0,1.0,0.0,0.3309840548153748,0.329756837173812,0.33222371161605063,0.0006791900059680411,0.2154686808568423,0.19208534774096098,0.2392344483695342,0.014165562326620714,0.006058943193252946,0.005862036719768779,0.006213514540981664,9.2573419936318e-05,0.0,0.0,0.0,0.0,0.10070046551234803,0.09353854293970827,0.10668206146543208,0.003710459830777364,0
3,1,MANFIZ_validation,1.0,0.01,20,1.0,1.0,1.0,0.0,0.3309963788361585,0.3297767466308816,0.33223832173587725,0.0006779314328404222,0.21442013894621476,0.19131587027354977,0.23664430620686158,0.013914610984179869,0.011188636901867142,0.010827377168606553,0.011397664557275462,0.00015712068451864152,0.0,0.0,0.0,0.0,0.09196034669665484,0.08232308289880205,0.09932245981735792,0.004899558575749965,0
3,1,MANFIZ_validation,1.0,0.02,20,1.0,1.0,1.0,0.0,0.33104019444669397,0.32983247129830817,0.3322844647195571,0.0006741688280683196,0.21173201756194351,0.18920469087042377,0.23423167936572822,0.013538833683459126,0.02189318497750947,0.021186728755290134,0.022269759060092483,0.00030524160692955565,0.0,0.0,0.0,0.0,0.07126990950165969,0.05780595464694269,0.0782909555180577,0.005668736913264662,0
3,1,MANFIZ_validation,1.15,0.005,20,1.0,1.0,1.0,0.0,0.3383828125172954,0.3369066923837412,0.3398162252157177,0.000789728155565571,0.19339747641639515,0.17040955803469843,0.22526042895794077,0.015217349433276435,0.0067322086734249685,0.006521293390940798,0.007042014694211637,0.00013395895582351863,0.0,0.0,0.0,0.0,0.08236746630500773,0.07041310199269303,0.09221536210403494,0.0066573214845139506,0
3,1,MANFIZ_validation,1.15,0.01,20,1.0,1.0,1.0,0.0,0.338394060277239,0.3369254724460772,0.33982990011589154,0.0007883937622382291,0.19264895366148468,0.16974957044717043,0.2230239196574285,0.014972745786782187,0.01156426045008826,0.011229198660306838,0.011866752010180458,0.00017264689644151551,0.0,0.0,0.0,0.0,0.07520965710955323,0.05940443806238119,0.0872996026746782,0.008024309860746126,0
3,1,MANFIZ_validation,1.15,0.02,20,1.0,1.0,1.0,0.0,0.3384345981433888,0.33697773630041783,0.3398709594387798,0.0007849894771359741,0.19063895391250582,0.1673266290231342,0.21866623263658652,0.014556833814583404,0.022087119629011644,0.02141777214539451,0.02248264901142365,0.00031177581820749576,0.0,0.0,0.0,0.0,0.05773560927926323,0.036976429361381874,0.07572555401263538,0.01004527259362836,0
3,1,MANFIZ_validation,1.3,0.005,20,1.0,1.0,1.0,0.0,0.34521150321857863,0.3434910464990829,0.34679742262309005,0.0008835969963092546,0.17452532151652156,0.1514980217337639,0.20671033656100748,0.01472395455388001,0.008976746368059571,0.008413102991007558,0.009641048967690797,0.0003137358156392081,0.0,0.0,0.0,0.0,0.04140547298427766,0.02122120620049192,0.05619118768958828,0.01122717888801097,0
3,1,MANFIZ_validation,1.3,0.01,20,1.0,1.0,1.0,0.0,0.3452220273392207,0.343508015146402,0.3468096661243943,0.0008824311411082134,0.173962347168425,0.15110629263151118,0.2068349536045758,0.01459962039029414,0.012995972000115317,0.012603252945503634,0.013566457095829362,0.00027854082694033443,0.0,0.0,0.0,0.0,0.0360245042556181,0.01218040885958177,0.05001848330125637,0.012839787818642685,0
3,1,MANFIZ_validation,1.3,0.02,20,0.9998870056497176,0.9988700564971752,1.0,0.0002955640473336652,0.3452594465293783,0.34355680605536976,0.3468483052803221,0.0008797090858308536,0.17232561612108213,0.1490984852090449,0.20494975009488245,0.014244700198874598,0.02286750723147754,0.022269577793082952,0.02342251726698633,0.0003546895479104669,0.0009670398399959895,0.0,0.007779487796388929,0.0023916306042121457,0.021928134667332094,-0.007779487796388929,0.041351229072404,0.016194278563022045,4
3,2,MANFIZ_noise,1.0,0.005,20,1.0,1.0,1.0,0.0,0.507271672234542,0.5053313178502987,0.5096028787740667,0.0011352511696388506,0.2475943583070776,0.21365444357297575,0.28281092410243636,0.020398429056599644,0.006555425994202576,0.00634654911234751,0.006837123919282396,0.00011118349465154808,0.0,0.0,0.0,0.0,0.17929517198614162,0.17097946919698223,0.1864218212462882,0.004256004500577745,0
3,2,MANFIZ_noise,1.0,0.01,20,1.0,1.0,1.0,0.0,0.5072871761977341,0.5053633397853904,0.5096156866402535,0.0011320716648885079,0.24651054672713538,0.21256655963524132,0.28096711279860703,0.020161280405457536,0.011767869564293864,0.011542059135752689,0.01196752696791655,0.00013865416617032768,0.0,0.0,0.0,0.0,0.16967728658285147,0.16324982961294504,0.17734826878107324,0.00419500151583467,0
3,2,MANFIZ_noise,1.0,0.02,20,1.0,1.0,1.0,0.0,0.507342271675256,0.5054487954544818,0.5096626448940401,0.0011241499369081232,0.2439111351127769,0.21039419860683503,0.2773614910240706,0.019711175404847302,0.022806269066055575,0.02232455304279979,0.023213690092506685,0.0002558458072990521,0.0,0.0,0.0,0.0,0.147881304163398,0.13548865805442506,0.15489880217914526,0.005289373585925037,0
3,2,MANFIZ_noise,1.15,0.005,20,1.0,1.0,1.0,0.0,0.5201003708585468,0.5177515459611578,0.5228548451782801,0.0013438206944337253,0.2258349507605644,0.19445594254064286,0.25758930927983226,0.01858256885967735,0.007354843529284661,0.0070672017293973615,0.007745295518169607,0.00016252385116644676,0.0,0.0,0.0,0.0,0.16753395462989512,0.14711192843146995,0.17654544341377149,0.007501621631414616,0
3,2,MANFIZ_noise,1.15,0.01,20,1.0,1.0,1.0,0.0,0.5201146593031816,0.5177816741454326,0.5228652642270719,0.0013406587488064008,0.22496353097160446,0.19357695116615117,0.2565812177267797,0.01840713299712128,0.012234831944255922,0.011962449503081344,0.012512601642590526,0.0001582417464999905,0.0,0.0,0.0,0.0,0.1586498004030796,0.1432325558448042,0.16844525113692724,0.0069320562571791615,0
3,2,MANFIZ_noise,1.15,0.02,20,1.0,1.0,1.0,0.0,0.5201659360377726,0.5178614808067659,0.5229038109072317,0.0013331726408597777,0.2229331778970173,0.19185320562479644,0.2541080269040053,0.018045059888387085,0.02305969374390739,0.022568796401603395,0.023394116344091078,0.0002557997231956971,0.0,0.0,0.0,0.0,0.1373773374387954,0.12236255714665929,0.14693171612073783,0.007389914766104248,0
3,2,MANFIZ_noise,1.3,0.005,20,1.0,1.0,1.0,0.0,0.5322964382984613,0.5295383436690554,0.5354206201141513,0.0015347650662367095,0.2092296007898465,0.18013695813882025,0.23730565134066597,0.016960727574979528,0.008995491662886084,0.008560649758699277,0.009653591474587848,0.00028820289480142744,0.0,0.0,0.0,0.0,0.1494532401309844,0.116481571776299,0.1616535266488564,0.010653516403217527,0
3,2,MANFIZ_noise,1.3,0.01,20,1.0,1.0,1.0,0.0,0.5323099930425512,0.5295661258836392,0.535429847842102,0.001531807091482836,0.20847916411166387,0.17939958425968386,0.23610078619764732,0.016792539832382925,0.01328798653105454,0.01290746481889075,0.013754038482495628,0.0002396355083117464,0.0,0.0,0.0,0.0,0.14131455597306475,0.11572124139279913,0.15307869017254583,0.0096106940567748,0
3,2,MANFIZ_noise,1.3,0.02,20,1.0,1.0,1.0,0.0,0.5323577803110836,0.5296400452631829,0.5354649337126167,0.0015250727433729348,0.20675436524031882,0.1779511883316611,0.23373577856390512,0.016431281548226515,0.023644523915597026,0.023112716240048955,0.02403756348200467,0.00028321738920995305,0.0,0.0,0.0,0.0,0.12251542118623925,0.09669940792801901,0.13616662039885208,0.010683765271798536,0
3,2,MANFIZ_validation,1.0,0.005,20,1.0,1.0,1.0,0.0,0.3701826921365589,0.36825233805172336,0.37239232159703956,0.0011070286636110443,0.18069178448541354,0.15570539148810075,0.2065260070726411,0.015005403463597912,0.006555425994202576,0.00634654911234751,0.006837123919282396,0.00011118349465154808,0.0,0.0,0.0,0.0,0.11151929876129638,0.10239276613807059,0.11797613411029284,0.004239464953036145,0
3,2,MANFIZ_validation,1.0,0.01,20,1.0,1.0,1.0,0.0,0.37019819609975096,0.36828435998681625,0.3724051294632265,0.0011029975693157786,0.17990276815113806,0.15491531998218108,0.20518000963493127,0.014831459458958163,0.011767869564293864,0.011542059135752689,0.01196752696791655,0.00013865416617032768,0.0,0.0,0.0,0.0,0.1019005165562703,0.09518165710917888,0.1080467950621101,0.00415803742318999,0
3,2,MANFIZ_validation,1.0,0.02,20,1.0,1.0,1.0,0.0,0.37025329157727266,0.3683698156559059,0.37245208771701194,0.001093327720991059,0.17801262122895992,0.15333476477312405,0.20255077515021128,0.014500024181562801,0.022806269066055575,0.02232455304279979,0.023213690092506685,0.0002558458072990521,0.0,0.0,0.0,0.0,0.08011230820918105,0.06755933370524127,0.0870671412828306,0.005250816840322973,0
3,2,MANFIZ_validation,1.15,0.005,20,1.0,1.0,1.0,0.0,0.3827619573953293,0.3804137140944718,0.38536592482500825,0.0013098338198722663,0.16621009750779345,0.14289550656572428,0.1897095402150922,0.01379888947932621,0.007354843529284661,0.0070672017293973615,0.007745295518169607,0.00016252385116644676,0.0,0.0,0.0,0.0,0.09944302347923119,0.07760050759147892,0.1085063848986624,0.007776171738441836,0
3,2,MANFIZ_validation,1.15,0.01,20,1.0,1.0,1.0,0.0,0.3827762458399643,0.3804438422787478,0.38537634387379954,0.0013056142565959997,0.16557030243606194,0.14225198538983969,0.18896730865493405,0.013669014842010486,0.012234831944255922,0.011962449503081344,0.012512601642590526,0.0001582417464999905,0.0,0.0,0.0,0.0,0.0907451589461901,0.07436868021638744,0.09987379877692357,0.0070924368658375455,0
3,2,MANFIZ_validation,1.15,0.02,20,1.0,1.0,1.0,0.0,0.3828275225745547,0.3805236489400801,0.38541489055395933,0.0012960692210377722,0.16408157515873398,0.1409927864635285,0.18714864469075398,0.013400191387769694,0.02305969374390739,0.022568796401603395,0.023394116344091078,0.0002557997231956971,0.0,0.0,0.0,0.0,0.06932485337974692,0.05349868151824254,0.07841345875579231,0.007388234242416892,0
3,2,MANFIZ_validation,1.3,0.005,20,1.0,1.0,1.0,0.0,0.39463931565959154,0.3918661580805768,0.39758779635360897,0.0014928088225351734,0.15512995068767227,0.13334587464446168,0.17607184756710365,0.01269734197341307,0.008995491662886084,0.008560649758699277,0.009653591474587848,0.00028820289480142744,0.0,0.0,0.0,0.0,0.08089479853686742,0.04471869456992192,0.09370194169885387,0.011463005941376314,0
3,2,MANFIZ_validation,1.3,0.01,20,1.0,1.0,1.0,0.0,0.39465287040368163,0.39189394029516184,0.3975970240815588,0.0014886433328386275,0.15457485662880366,0.1328020595333996,0.17517796393613283,0.012572112859348464,0.01328798653105454,0.01290746481889075,0.013754038482495628,0.0002396355083117464,0.0,0.0,0.0,0.0,0.07291584965717013,0.043958364186422044,0.08656389130559171,0.010506706381989785,0
3,2,MANFIZ_validation,1.3,0.02,20,1.0,1.0,1.0,0.0,0.3947006576722139,0.3919678596747056,0.39763210995207554,0.0014795811543867523,0.15330064101951518,0.13173601644140384,0.17342553851956904,0.012302689060562162,0.023644523915597026,0.023112716240048955,0.02403756348200467,0.00028321738920995305,0.0,0.0,0.0,0.0,0.05384520040978421,0.025564863137757618,0.06757359899138332,0.01103297235841897,0
