System,Stage,Amplitude,NoiseStd,Replicate,PhaseSeed,NoiseSeed,SHA256
1,clean_calibration,1.0,0,1,326092301,326192301,5890e6f53fab585f6495e6e8fc2d9a9864113b3e6bbbb9945bea64ae5f7f7e64
1,clean_calibration,1.0,0,2,326092302,326192302,9beb1b12298471b820ffaaff2a2e1cfcac9468ca8e359aaf65186e13da170de8
1,clean_calibration,1.0,0,3,326092303,326192303,4acfe97e5f1195d64fab523f2e30d821471289713e9e2b03f54ece78cb06b749
1,clean_calibration,1.0,0,4,326092304,326192304,d2a2ac746843a7535aa5ce38d8083920698f07a1068d95b1d5266b09367182fa
1,clean_calibration,1.0,0,5,326092305,326192305,88296669a83584feae9382438e907388db87aa660a20ef98ae938da245647928
1,clean_calibration,1.0,0,6,326092306,326192306,f2ac045f2a1768ee05e2770af39d1b8ff23f3f8385f20d959a117843dd92c68c
1,clean_calibration,1.0,0,7,326092307,326192307,89e3eeef0fde9ef444ab80a4287a946bfcc2698d33326e584c667697c0781994
1,clean_calibration,1.0,0,8,326092308,326192308,1ad52b5c575d856c717b57d07816a363878e2b654589528a7a3fd47dd05d9f1c
1,clean_calibration,1.0,0,9,326092309,326192309,8c93dc78755e4d5b2862c51e1c92272f63f92f516834f9c4cf2e18178cdad33a
1,clean_calibration,1.0,0,10,326092310,326192310,11588aa845117d5af97263ccfababaed4b8858dd485ee27302aa6cdb4bc65982
1,clean_calibration,1.0,0,11,326092311,326192311,168ea1cc742a4b5f11f8ea6884bb43e90bbf044ab8c92e88f123fb17380a5d2c
1,clean_calibration,1.0,0,12,326092312,326192312,c9f974575350c83ff7a51f97768d2df69b7e0290b6d89d4801d5ec11a6c96e8c
1,clean_calibration,1.0,0,13,326092313,326192313,bc7f227e24d6a9cbfda54cf75c64b1f1cdfdbac0f3788c89f07237ff18c59aeb
1,clean_calibration,1.0,0,14,326092314,326192314,8071caa56abf480c373ea8bf2e4fcfdfe4203f2759baf3f967f64375312ba312
1,clean_calibration,1.0,0,15,326092315,326192315,85821a885be9cf9d2783ad263d09e4f3c98dc2108dbd0003aacf24b85b627ed3
1,clean_calibration,1.0,0,16,326092316,326192316,69a381a48aa64136596cdd3ec51fd139c1e55882f07ed487de1d5fb38556af1d
1,clean_calibration,1.0,0,17,326092317,326192317,2c864cbc80d1f4e038be6289c1bbaa217790a66acf7d3d5c74dbc8dedd8ac99f
1,clean_calibration,1.0,0,18,326092318,326192318,83fba2a3a6078407a4a12e5e5219f344164fd5efa2340609cc52e1a5d2c5e7e7
1,clean_calibration,1.0,0,19,326092319,326192319,b3ea54860209be4cbf2d1e9aa5e2e3480bd9becb55f41137ddfadd6b18489480
1,clean_calibration,1.0,0,20,326092320,326192320,80b491fa09b50ce0696753ac5f6ff2cb9f45632cc60974f8947f39213d83b366
1,clean_calibration,1.15,0,1,326092301,326192301,b59c88d3eb9cf0bb5dac4c0d39099776b1db0fe16b0b20bbb39a775184c44186
1,clean_calibration,1.15,0,2,326092302,326192302,6ba41c781d07f2db76af8195aa263694a13190a2b8ece6ae324352466fd59829
1,clean_calibration,1.15,0,3,326092303,326192303,64b85cc28a8fa54ed012c1f3a28a0458fd105e4fae0469098cb61414b9df9092
1,clean_calibration,1.15,0,4,326092304,326192304,5bafb95f5fb98ffa068ab8bd25b1abf73ff567b77b1b7aafd5a1757e1f0b5790
1,clean_calibration,1.15,0,5,326092305,326192305,4fae39ef05ff83e2b5670826c05895fa43cb91f7d84c42448c6a610f77a4c632
1,clean_calibration,1.15,0,6,326092306,326192306,08c0ef81f5d7cc56961149d241a96262ef2fe54f35b1948043dc50e7abf119f2
1,clean_calibration,1.15,0,7,326092307,326192307,3943e48a7ee6ab54a3d5f8cd3f404402004cfd4173e1537c1222658881d9eee2
1,clean_calibration,1.15,0,8,326092308,326192308,ad115173c6211f3a959f6e49bf3a92f7ca4e34a3201db9451184be5a6f6d875c
1,clean_calibration,1.15,0,9,326092309,326192309,5e12401d20bde3c6a10e2cef6e151b8250170442598503c57cec15ae6e15ba39
1,clean_calibration,1.15,0,10,326092310,326192310,d060a2f5eeda9824c790e684ff7cef05badd16b79bde6b4e36266fb510253858
1,clean_calibration,1.15,0,11,326092311,326192311,dd2c1b0d9a92a8c7645f383d0fdfa00866bae5907337c513250d52bcc41b23d7
1,clean_calibration,1.15,0,12,326092312,326192312,abe887e7d756e405f7994c4d1838eca8be4b2401ff08a51dc09e7dc6adee0fb8
1,clean_calibration,1.15,0,13,326092313,326192313,d3e98c76ee6dbcd8aaad8ca19b7f2e27dd186164784bde50c6ec30dd5192c6cb
1,clean_calibration,1.15,0,14,326092314,326192314,5036bd32e5cfa13521f86a3dfa68b1b65fe65afe59ec06005cb46f28479f17cb
1,clean_calibration,1.15,0,15,326092315,326192315,3f2651bc1fbadf18c3a562d9c3737b9c962535f7acee03bb7d77436489580707
1,clean_calibration,1.15,0,16,326092316,326192316,4e2ed19c8f38fd5e2b7d821753451e2739aed24392a60d21e61da6dda3db7f96
1,clean_calibration,1.15,0,17,326092317,326192317,eecbb29f7c05dde2ed7bb4327a1a4442237bfdd3181fc1185a9f3e9d46bd1537
1,clean_calibration,1.15,0,18,326092318,326192318,3f0e004118eee8074f6c1c0f21d7ffcd2fc9168ff97e5f13126e5012f67f3238
1,clean_calibration,1.15,0,19,326092319,326192319,7660329370b0bb5b55caac235f00504e79d38e2d59461a684723e04ec5ffc0ca
1,clean_calibration,1.15,0,20,326092320,326192320,198172c502cce71ccac0114c2cf43267a6d7f646708e835ea67a3cc2909a52cf
1,clean_calibration,1.3,0,1,326092301,326192301,72153c54274f26d0bb9e6044b0d222338b04f5b03888e005ded252de435159c1
1,clean_calibration,1.3,0,2,326092302,326192302,4b09be39e758c85463bd290d9ab6778769bfd483f3a5d46dbd9deea944e5cb7b
1,clean_calibration,1.3,0,3,326092303,326192303,20698a26e60ee4cb275427a924b515b6fbb4e41a995ccbace429dabbba3050e3
1,clean_calibration,1.3,0,4,326092304,326192304,c18e696a4fc973cdd910e83eb09ac73b0622fc143b3efb5c91188f71d20ff7dd
1,clean_calibration,1.3,0,5,326092305,326192305,9db54079d653877d33da76cba347429571afa39bc21d0dd504176ac888f901a5
1,clean_calibration,1.3,0,6,326092306,326192306,995a438d9c671c275e0d0ced0582b1b0ed398427de2f1acad460ab58d6b5b544
1,clean_calibration,1.3,0,7,326092307,326192307,603659a2dcf73fe40d561208b0ebe3694ddcb36f954af99e4e7990b38438c3ec
1,clean_calibration,1.3,0,8,326092308,326192308,b1cec539bfad91ab8898d8dc24ac1d3b35e2ffc05baec6e11310d020b2f29b52
1,clean_calibration,1.3,0,9,326092309,326192309,637c02900912c11e1d2e1d785f02bfea492354c7879f8a89d08700b22714dbc2
1,clean_calibration,1.3,0,10,326092310,326192310,294473ad36dce48cdd621379c30f0e18e58cf542f4f03d8b570609d1654a8016
1,clean_calibration,1.3,0,11,326092311,326192311,e7e427643cdc26f41c4d2157e07c49bdecb66d5ddcd336e959621c792dcb6542
1,clean_calibration,1.3,0,12,326092312,326192312,7e823a66efeab6c48ec6079190666cc25dcdb2fdcefafea146e8cfe1bb9797ac
1,clean_calibration,1.3,0,13,326092313,326192313,d3669c9c0999eb56919c75d8ee8ff4ef99c36c5bc4cc106e1a12d96753ed8400
1,clean_calibration,1.3,0,14,326092314,326192314,01c711de3ec91c32a69850b61372048eb47113be0b1ef53fa578c0b76aa69c6b
1,clean_calibration,1.3,0,15,326092315,326192315,4c010be1f4d087cfc026238ce86fb275a6370b00e217e26df6481f92df42dad2
1,clean_calibration,1.3,0,16,326092316,326192316,4bc3af3a36c886d3cb93893b8498493aff24cdf18a7c17b5b48174bde35bd475
1,clean_calibration,1.3,0,17,326092317,326192317,4b166557f6a59f6e5b490d7ba786d942866c26212b2ccc6e6b05b649436fd1d3
1,clean_calibration,1.3,0,18,326092318,326192318,ea9ec5d79b8308ac45997ff2893a2e6e96332164f1de96935fd50f5299083589
1,clean_calibration,1.3,0,19,326092319,326192319,6676a0e3e37b7b017588b9fc1426200493350f75532a9cb40c07766b3e612fe9
1,clean_calibration,1.3,0,20,326092320,326192320,a1e0e091ede14e647598ecaece2b4c0c0f93696fe45a3080211a0615b9c6ab11
1,confirmation,1.0,0.005,1,426092301,426192301,0149586e270eef53fd59a1977ba734761efb6b2b5705db12b303de854e898ec3
1,confirmation,1.0,0.01,1,426092301,426192301,c22be9af0f66d09a171ae7d76e850179b1b0f77d93df342e9a8dcc96d4735532
1,confirmation,1.0,0.02,1,426092301,426192301,5834ea5680403e25f52350c5a9f4c9dad1b509eeaf27ca3a4fedf8e3a7c6a5df
1,confirmation,1.0,0.005,2,426092302,426192302,24897f91341646207dd460e277aca01952efde6299f4c3c3f6797e6c1b9d4822
1,confirmation,1.0,0.01,2,426092302,426192302,b10565fe41ea1bf89e685347b2c7b238cba38860fb4d0ebee88f6665275ea013
1,confirmation,1.0,0.02,2,426092302,426192302,5f52268bc15aa05f8bdd4727a23c15906b4c0b82826224e6771ac67fc09493ad
1,confirmation,1.0,0.005,3,426092303,426192303,6a0d1ed25db0351fb1578f49aa25370bcc5aae73584793c82e97305c377cdda7
1,confirmation,1.0,0.01,3,426092303,426192303,685241990946eb5f6160d1fa866b1e56b626442ea3e69c6f7798df4ffacf98ce
1,confirmation,1.0,0.02,3,426092303,426192303,8fc4488eb34fea7399b1c309e728eb0cf455bcaa17a9a57777c94e7b3282e409
1,confirmation,1.0,0.005,4,426092304,426192304,1a945b326d4399ad276d3ade6effa791fe46338fcecbfb2cdebd0902d490b300
1,confirmation,1.0,0.01,4,426092304,426192304,92efa489f216c95114d16ebe5843a12e5a6438051f5e2879f81f5b33483516a1
1,confirmation,1.0,0.02,4,426092304,426192304,8f468696c71a176104a5c1dcb813059a3d2c5b17a11035257a83a072908bb289
1,confirmation,1.0,0.005,5,426092305,426192305,db5b15c2264fa2356531894b6d929441278b2b19f923ac155a5f8f1bb44b5842
1,confirmation,1.0,0.01,5,426092305,426192305,628026b19b42dfc7dba4b231c059a2e2cde565b169f5f64aa2b28257de0a5cdc
1,confirmation,1.0,0.02,5,426092305,426192305,6e444a27ae5cbacfc3d07eb304583e0e0bb5565a7713625f5894f6b888b3a6d7
1,confirmation,1.0,0.005,6,426092306,426192306,8f93fafd61583cbc382a376c947ab67eb397263a1e28cbb41e81795b0b9b32d3
1,confirmation,1.0,0.01,6,426092306,426192306,e23092b48b5c9b7c27c55e06009cb934fe00d46a96b84a285e2f9c1b695ea535
1,confirmation,1.0,0.02,6,426092306,426192306,628c107931c457bfbc6576808ffac94d10446d390dbf64b9c83027f5794dedb1
1,confirmation,1.0,0.005,7,426092307,426192307,74f5938e7eaee45bd333c7c461b72563105a4ed6bbcd1d8069e8329e537f3061
1,confirmation,1.0,0.01,7,426092307,426192307,90b99dae55189c1aa416cea49697947fd20584e65be039c23933325ef3fbfafd
1,confirmation,1.0,0.02,7,426092307,426192307,1d483a748d9461f1c0d98faf291fe628e4ffbea465d4f9f85d41b69a53e27658
1,confirmation,1.0,0.005,8,426092308,426192308,59abb0696625a5f8dbffc91200698586c49d74d1e48a6f6c504aa6578bc6e3ec
1,confirmation,1.0,0.01,8,426092308,426192308,3ae6585cd8a6286cfe0541b1228e766ad7ae021dc3e22838ed2a742744af525a
1,confirmation,1.0,0.02,8,426092308,426192308,f7d4053980f35e3f7075a76ef844f2981a72284a28e7ce8b203b372a7c20e3fd
1,confirmation,1.0,0.005,9,426092309,426192309,551498b7e4caef13f160578086dc73e45ed127bf12678c80baa0591818d5b628
1,confirmation,1.0,0.01,9,426092309,426192309,ec7ee01678dd5a01c0205a4552ade106f49b308006c3f95a21a4b75843f48696
1,confirmation,1.0,0.02,9,426092309,426192309,a68e1a4e189f6cfa9a0ea0b4400e43a0a437a89aea5521b2c1f7b764ba1d7fca
1,confirmation,1.0,0.005,10,426092310,426192310,3093134a1fba32f8817ab28a8ac3d319e2957a50bc277e9f229065331128a4e0
1,confirmation,1.0,0.01,10,426092310,426192310,159dfa6a0a665831d1d98ccbd8dc3db15548528800d2d2d25c8d96e2a1da7427
1,confirmation,1.0,0.02,10,426092310,426192310,5c62931c4cd7aca43d6cd3a5f9939c0e7f4900442462ea7d272331b89ffe1915
1,confirmation,1.0,0.005,11,426092311,426192311,5f68a9a5bbdaf848b6874783a5ae12d0030f04c71c8ff828b0b5bdf646e301ab
1,confirmation,1.0,0.01,11,426092311,426192311,5d271303c02d6ff70280bf8f01ce552bb5907baf7b03986acf829d7a3e63b03b
1,confirmation,1.0,0.02,11,426092311,426192311,0165b7a399fcb6abb490ddd1807cbaaeccb9e4515a974e4a630dcfed38321cdd
1,confirmation,1.0,0.005,12,426092312,426192312,23dad7858de6d0d51f180278221efb0b47cac6d28f20bd4b25b8e70592647e22
1,confirmation,1.0,0.01,12,426092312,426192312,6c7455a3ddfc3d70068b2d355fd93f11d279d51e79b24a9dbbf4e8164ec9719e
1,confirmation,1.0,0.02,12,426092312,426192312,7ee8b4a13a2d4a07d7d4db658840392311c43d7cc0f5a43a640299228c474405
1,confirmation,1.0,0.005,13,426092313,426192313,834c14bc1fb91b9ec7de3ea7babf5ff2ff353ec87783dc176983b513a0f6e25f
1,confirmation,1.0,0.01,13,426092313,426192313,b0ee6063f57617ec786588138f2497f3a71ab57d3d3b2fb8cdd4bb12246146cd
1,confirmation,1.0,0.02,13,426092313,426192313,8f511632f49a1505063dc9238a5b4a4d26bd93898524001f1ce3459e53eb8337
1,confirmation,1.0,0.005,14,426092314,426192314,9da924994bbf153123b3a6d51d047251209fa000eaef693af5f51eec3a0c6828
1,confirmation,1.0,0.01,14,426092314,426192314,64390b8c5c7ae041cfdde3126da19f55a4e82e1c063b4e518bf0d90d2d7f56fd
1,confirmation,1.0,0.02,14,426092314,426192314,bc1885fea74d0a453d6dd4d5b86a8da0f0c6977d49bcdfbbde1d255785d16cd3
1,confirmation,1.0,0.005,15,426092315,426192315,1f9453f49c57d5b912cd104a6d6afc8c26e206be4ef48fd7e514052e3ecbd72a
1,confirmation,1.0,0.01,15,426092315,426192315,cfb8a95a3a1b3831e82bc6834f5ea929aea1a1579339fefc1f3491221f460881
1,confirmation,1.0,0.02,15,426092315,426192315,79913528bb0279b033ca32c0ddd03faaef79a8e2976d21e7db89fbd7d2238b95
1,confirmation,1.0,0.005,16,426092316,426192316,d241fe67d066053d7923be49091ef2036238995e0744b1c6ef34a63d499eaa60
1,confirmation,1.0,0.01,16,426092316,426192316,0d9eba749e66413f2c2fd3652672acae3865b8b1144a30f3ffedc40cafa4fc61
1,confirmation,1.0,0.02,16,426092316,426192316,222b525be1849dd682f79a103ebb7faca6101d5e26e7c0d12665180fd8ae4b87
1,confirmation,1.0,0.005,17,426092317,426192317,34b2922663ad5031b15b291300bdcfef1f77a064e32114e7a66d4f3df20ad111
1,confirmation,1.0,0.01,17,426092317,426192317,37f00096322076f2a927da1f99ec94d9d7989a67062a1df271a41c0744620bf6
1,confirmation,1.0,0.02,17,426092317,426192317,c2efdc24ec1be2f8bab65becdb04872a69a1b44ad6271a925a411ada94ec147f
1,confirmation,1.0,0.005,18,426092318,426192318,040a6c7f4d4b5d12dbbb511f039405bcb0f66abea0d3a002087c09d9c8e380d8
1,confirmation,1.0,0.01,18,426092318,426192318,77e12bcff23a4300de7cabdffb56142a98168f4b9cb191969544b95804db6d1e
1,confirmation,1.0,0.02,18,426092318,426192318,28a9296294afa07f41ba3a07b91d5de655719eae251ff59d23fbc81f3da4afde
1,confirmation,1.0,0.005,19,426092319,426192319,78caa80de0c15424c9e56a3cbb200105ec69ed32ec212f3c509379485c1ae93e
1,confirmation,1.0,0.01,19,426092319,426192319,2b643ba7bb8a012d35ee747d53e1a45c2b02a96b0948a2623f3dbf4cf04b726b
1,confirmation,1.0,0.02,19,426092319,426192319,254673347fce5a1f399bdf2568c211a495583ba736e6fae62e740b7ef4bb903c
1,confirmation,1.0,0.005,20,426092320,426192320,1dbce25ee15940390d5709139a443e867d3c3f39deced0a906f0e58be50fb78d
1,confirmation,1.0,0.01,20,426092320,426192320,71bc2b118a160c70d5c90e743e6788b6f9a1ab60c3d299f9ba05362d521d8749
1,confirmation,1.0,0.02,20,426092320,426192320,63634f250f73be35781f9c993d2bff42f2931e1efa5a824ddf2776dae448c0a0
1,confirmation,1.15,0.005,1,426092301,426192301,8dc343eccc6c1b3ffc167664e05eadff0539d59e50d99253d20e0e86b07c4950
1,confirmation,1.15,0.01,1,426092301,426192301,809be4b193637e92871269d75ae1230e061cba7c83a4b71f7924a2f7f8e47ebe
1,confirmation,1.15,0.02,1,426092301,426192301,6dd799cabd21a3c87385da927e2c311532248332310c454220a5564dff143756
1,confirmation,1.15,0.005,2,426092302,426192302,3d47253a35fe90afe68807dcdddca6a8f9deaa80fd8db5c59edb50576070c864
1,confirmation,1.15,0.01,2,426092302,426192302,c7e1910e44507f2766af5cb928f8c56a38f80536a50506a9668ef9f55889d56d
1,confirmation,1.15,0.02,2,426092302,426192302,cbd3b3a91bc891359df8e4750f147d72c7a6267d314e3873183069dba34d37cf
1,confirmation,1.15,0.005,3,426092303,426192303,7bafaed75cecac32bc7bea89381b011c7baa07a4965264d499b43c5ccebc55e1
1,confirmation,1.15,0.01,3,426092303,426192303,705ec3a8b45a6dde4c019c1b8fff3fd931f69bb61d592c8793a39ac2e6ce0ec1
1,confirmation,1.15,0.02,3,426092303,426192303,f07b4113859afad349865eaad7d4587156b32bac6ff38b9eee481b865eb6d0c6
1,confirmation,1.15,0.005,4,426092304,426192304,54e0ec135ac47dcd08638586ebab82524847cd78107a510498e7f904a01a12d6
1,confirmation,1.15,0.01,4,426092304,426192304,93ab3cd9160d3fc04b33eb9e9379d883412771edb371b36506667caffd2d1456
1,confirmation,1.15,0.02,4,426092304,426192304,a628dbe3dc3cefe10a3857e1f8f738711525fddd8e64f594e4f13f0203d0058a
1,confirmation,1.15,0.005,5,426092305,426192305,0bda021972f6672a5cf120b828677461362e659d9e1ed0a458f32c48e06652cc
1,confirmation,1.15,0.01,5,426092305,426192305,4c858bbda46a6d0ecfcf88f0cf873ebe5653f3baf4502e7a6c8aefd7d492a25f
1,confirmation,1.15,0.02,5,426092305,426192305,fad544650948c4a23efb151665280027bf14a680c6537312f244e2cb8af1d364
1,confirmation,1.15,0.005,6,426092306,426192306,ca47c4b31190366241c23337b5157bfd40a0591604d40c51b36d384b368dc9c7
1,confirmation,1.15,0.01,6,426092306,426192306,1fe92f713a2001fa0ff7a02adf9f2ebe881ab73c20b77b0f05eb13df6f65af09
1,confirmation,1.15,0.02,6,426092306,426192306,97a528fc6a5040bbc414816510f46d73f8959146d3578809a0b40b362df39648
1,confirmation,1.15,0.005,7,426092307,426192307,b3b003a67f20af8e717cb22a1fabd1ec77a77d0b746f97767d440a0c00341c36
1,confirmation,1.15,0.01,7,426092307,426192307,073b53ca3ce4bde1eb4abdc75b00d1e4ab56329e569183486e08d9911c7c456f
1,confirmation,1.15,0.02,7,426092307,426192307,00259be2ffc210935cc029bc71e92255868ab44c48dc41a774099004a31d7bc6
1,confirmation,1.15,0.005,8,426092308,426192308,a65866859adcdc1b8cf2ac2006c7cb12cf01929315547566dd653883ec132284
1,confirmation,1.15,0.01,8,426092308,426192308,cce0b4cd7a02dc406465be93f73b7f6077c829ba44391606f88ddf9551909932
1,confirmation,1.15,0.02,8,426092308,426192308,cf03547357b6c33f430d11580cfbc877a7d5682ff16a19f1193c31bb3c7c860d
1,confirmation,1.15,0.005,9,426092309,426192309,f67dad81595b7f277c6b999c2d8e8b464d3f00ad9394fea1e60b0132fd7ff059
1,confirmation,1.15,0.01,9,426092309,426192309,095a966d780323829cd690fcf8778e783dc1c75e1fddd1561f1a12da3d52caed
1,confirmation,1.15,0.02,9,426092309,426192309,1656669982bdcbc3cd776135e631fa4c51126355d58215b278716087561a4f3e
1,confirmation,1.15,0.005,10,426092310,426192310,d44e36c9f9d964a46fc8ce3a30e53af1833416c6c4a3efe6af5fab1f994f453e
1,confirmation,1.15,0.01,10,426092310,426192310,e2d827935a59509743eaaad2c6151ac9ea9b6754655cc322c28c8efd7a1af0bc
1,confirmation,1.15,0.02,10,426092310,426192310,2e4b4567287ce02a54e4d45f525e197c67a3e82bb8b4b9c328b314dc8122c278
1,confirmation,1.15,0.005,11,426092311,426192311,b9bc62f83be59ca82265399fb9f7c58055b3ba43182043e34d45334faa6f291d
1,confirmation,1.15,0.01,11,426092311,426192311,c095ab198f58474ddc0abe6f427c0a5240734942bfdf21ffc31cfcb1c9f42f55
1,confirmation,1.15,0.02,11,426092311,426192311,4403f97d49fe5f2f56887e583521b9d4b8665598a75536055b76bb8e5a917c59
1,confirmation,1.15,0.005,12,426092312,426192312,8edaa1d8ceb5a97606e56e35bff313be4a102609f0301ab4ab66de411f40bc4d
1,confirmation,1.15,0.01,12,426092312,426192312,4c5cc8e3b6c68c0f1a029a40c600770de92e10654452b967ac0628c3f8237128
1,confirmation,1.15,0.02,12,426092312,426192312,6196c3b83233b001cd2973927fbcf22bcf1871714df0bc6637295d3016ec3174
1,confirmation,1.15,0.005,13,426092313,426192313,f767708e66211ade5f0362074b0070e3fb64a6271ac0686a4b220ad6bfb6164a
1,confirmation,1.15,0.01,13,426092313,426192313,0a465d15b4feb035ab8ffd3abab01180ff8b0a648e6977b4c3996a63a48ba336
1,confirmation,1.15,0.02,13,426092313,426192313,8a95df7b249cae650b5d6b97cf71425d0a9f633d504dbd2af86e3171494d1f5f
1,confirmation,1.15,0.005,14,426092314,426192314,3bb25b4bede325191186c05db9abf3080c13d6b76c285031396e4045eff7f832
1,confirmation,1.15,0.01,14,426092314,426192314,d8fb9b488d0af8c97a7fa2a074de02271730be7637a5a40da52d83536c46cc5e
1,confirmation,1.15,0.02,14,426092314,426192314,9e7ea6a36bfd7018e50d6f72495d591d43e959982be77b2818097164f6ece2bf
1,confirmation,1.15,0.005,15,426092315,426192315,e2f34ddc11f47bfab77124d1136f8a0c5a17239dc1faff6f91e1129a89a49027
1,confirmation,1.15,0.01,15,426092315,426192315,459dd6680c3d238db0789a613e2b99cf7874b1d34f658846bb9c63085887822e
1,confirmation,1.15,0.02,15,426092315,426192315,bc803d98a92852aeaefaac8c678adc3bca3eef08d18a4329917c65e8799c06cc
1,confirmation,1.15,0.005,16,426092316,426192316,25d0027cf1e18491f82363b4743c482491e386cc37d52dc704530a6ad8d773be
1,confirmation,1.15,0.01,16,426092316,426192316,dadd96a8ebc871135aac50686d17bacc190947b672105402a49ac07e0d8f63d9
1,confirmation,1.15,0.02,16,426092316,426192316,2585e74802d8d2c9d6d8ae365e4bc85e0b08b2d147c0ec95bd27055bd40d5e46
1,confirmation,1.15,0.005,17,426092317,426192317,94af53c2cde40a1d6f25c82b651a2ebc2e7da0c5aa2bb37bd5d9eeb5f2504812
1,confirmation,1.15,0.01,17,426092317,426192317,4c02edc636102c205f30599c4e5c434c9b0290f05efa43ace34788be75c2f251
1,confirmation,1.15,0.02,17,426092317,426192317,d2270465dfc265d4aa35f4cc0cd4ec153209dfe6b9e240f4c77f20cb90fd0872
1,confirmation,1.15,0.005,18,426092318,426192318,6d51a949163296dd048812e7fa20734a717b1647302ad3b03dfb0b3de34ce684
1,confirmation,1.15,0.01,18,426092318,426192318,203336ba87ec2c5c3c284ac5ef60c467c552ddc7418f814dd4f11d857169bb08
1,confirmation,1.15,0.02,18,426092318,426192318,10ba4dd9a2bd8d89cc921c932b5f1f3bd54716e699e69b73470f9d7c8f93dc18
1,confirmation,1.15,0.005,19,426092319,426192319,74730e18f2ed1953045572bc5cbc18313070031530108ee285ad55498cf128bc
1,confirmation,1.15,0.01,19,426092319,426192319,0b8261c9c69f85b1ab97dc6a21aa006450597f77c293fdedfa281be3436353a2
1,confirmation,1.15,0.02,19,426092319,426192319,eb4bcc409a22b23f6887a81771da48aad0e584df1c4fb3e4e3bfc8e149699f75
1,confirmation,1.15,0.005,20,426092320,426192320,849a928220dc8594e922fd8538860e6994244677a2dafa7370b7575073cc9d46
1,confirmation,1.15,0.01,20,426092320,426192320,1826eded60802db39dc53739bd366aae487b9909119298b7e23034f2cc004623
1,confirmation,1.15,0.02,20,426092320,426192320,1fd7c75b465c1fec4260a90171d52d96fd37601082779139996387a4d569238d
1,confirmation,1.3,0.005,1,426092301,426192301,e8883c12a444332a9fc978eff00efffa520ef307b3407a3a0124be9b9d7ca58a
1,confirmation,1.3,0.01,1,426092301,426192301,6b1a4d27558ba0474bab2bba9793265beb5f91d003a659b5099cc6157660b519
1,confirmation,1.3,0.02,1,426092301,426192301,5c33acd2dc4c7996b82800508b219392d5e674465607692163ebfcdd2084922d
1,confirmation,1.3,0.005,2,426092302,426192302,cfeab112f43a1d3c36648a480e3aac437f23298db3d99a65607d6f5d0253180f
1,confirmation,1.3,0.01,2,426092302,426192302,aef3f28df1e9019e0d09c5677cb5ff2ca32e232b889a48e2a9eab117de9b8538
1,confirmation,1.3,0.02,2,426092302,426192302,911a38280ef506da0f4ace59b3a710b9491929233070e58660f3ed94bfd76a2a
1,confirmation,1.3,0.005,3,426092303,426192303,a37fc80a36ceaab8b74dcc7bd7936c2a64d17da78e9108623e44c53abaf7a4a4
1,confirmation,1.3,0.01,3,426092303,426192303,5f861edee1efc382c03e566658d7924a26e7096a9b0de67a5005fb087893b2e0
1,confirmation,1.3,0.02,3,426092303,426192303,b7fa47d47da6eeee1890906563ba40a1d2fd786bd21c426690477d49f2b37bea
1,confirmation,1.3,0.005,4,426092304,426192304,85338c3197d15768c66641ca46d47fc58f7a6151fa33be7d2c832a8e34ddf9fa
1,confirmation,1.3,0.01,4,426092304,426192304,85b6f3ad1302e1eb7ab247fe3461e4e19da067e4d5d7a5fa8c031de5253c584b
1,confirmation,1.3,0.02,4,426092304,426192304,a04041e6380aabc8f3561719bb3862a315dc7c7959bf0dae77ffb033e35ff32f
1,confirmation,1.3,0.005,5,426092305,426192305,b2d96a1b922bd7299a81b040113f13c003758d386ced7378cea8895721b559de
1,confirmation,1.3,0.01,5,426092305,426192305,1046739602405bf866001f7e0f634b516214f6a9d4d50699bb1d137d84dec85e
1,confirmation,1.3,0.02,5,426092305,426192305,8a8effd884279c8cc375710496d9de90ac411836dc86702cae860309097041e5
1,confirmation,1.3,0.005,6,426092306,426192306,ee663856372ec0010d6e8758129129e8250b77e0aa338a6986d077cc093dd478
1,confirmation,1.3,0.01,6,426092306,426192306,3f9869713b19b01e7643ab730bbd0fec96f48acf43a41ab9b9edb1ed7510f54c
1,confirmation,1.3,0.02,6,426092306,426192306,c431ef8883482c3514c11026fd5c1452baad97b5b41fb16bbfc0810a62df3370
1,confirmation,1.3,0.005,7,426092307,426192307,d1c71ac3cf173001a293c5dc1c757d73242c105c32b7ad8ab69f8af1b9f8f85c
1,confirmation,1.3,0.01,7,426092307,426192307,e05000719321afd4da8b61f7dee200ec3b96fb8881b86e89b1507aeed18fa25c
1,confirmation,1.3,0.02,7,426092307,426192307,d2c99ed74d731ba859a7fca2c08c8bf437ee745e3410812a72321d3f6eb20fa8
1,confirmation,1.3,0.005,8,426092308,426192308,945d0cf5f02429010c1849f7d8fb26d86a8518830a790ccdc92e77ed24ec3281
1,confirmation,1.3,0.01,8,426092308,426192308,a6693d32de8b19f81ea54e605ff5dd8e56c9e6b2311d274a668bcc3e3bea47b0
1,confirmation,1.3,0.02,8,426092308,426192308,fece04b426c315d593caeb91beb7c096da45bdf56189fe421db72648c984e283
1,confirmation,1.3,0.005,9,426092309,426192309,cddc4cf04ac40a900efcc5bac3e5a01ea512bcc518ae4995811095211b5c28ae
1,confirmation,1.3,0.01,9,426092309,426192309,00a93c82d7159908674ecbe8d4cb4d8cfc2cb13d7b59ae6c94df87c0d03fdfad
1,confirmation,1.3,0.02,9,426092309,426192309,ce2159a200120839a2991768071cdecc0111fea7cca2db14d0c40a968ae0cd43
1,confirmation,1.3,0.005,10,426092310,426192310,6b49eab3ac9d67e4dd47d7a46247e39f9021a5587055508c536b65d508a4ed16
1,confirmation,1.3,0.01,10,426092310,426192310,6b7cc9a654335702dcdf11503623df2e237e95baa1094b4e9790ff4a3a6c6ff3
1,confirmation,1.3,0.02,10,426092310,426192310,df3ccd1b1d6d4956e49b4e6e0c688a20573f921e0cf84ab42e3d07dc0016f5c7
1,confirmation,1.3,0.005,11,426092311,426192311,d0943c733ae6298f54d3b325b591d4ebd523828ac1f278ee15631a9e3ec33ceb
1,confirmation,1.3,0.01,11,426092311,426192311,1dc9553a0fe76ee4509ca7a7202fe7cdd3179eee97905b5b65da8eaba8e05719
1,confirmation,1.3,0.02,11,426092311,426192311,41a45cbcd06dd414849da05e0c96ab7abd826ef3aea2970ebfce221e654533a9
1,confirmation,1.3,0.005,12,426092312,426192312,f6f406eb1ba64fd94a6f7f554054f482b6a0c3327fa3ab402adbbf6d473d8982
1,confirmation,1.3,0.01,12,426092312,426192312,a3c68c170d74773eb226fa02f5ecfbbef5f5481330415ab3174391f9eacf6f21
1,confirmation,1.3,0.02,12,426092312,426192312,786d4845d9f4de51f828ee6791d635f48331413e2169183bc39c6e209ec62092
1,confirmation,1.3,0.005,13,426092313,426192313,24de54981bd398273d16521794215f3f183922a712daf90d7495688574691752
1,confirmation,1.3,0.01,13,426092313,426192313,0617e306297e22fd862002bf08ff3e88293e373af4ae001c000468cfcab5186f
1,confirmation,1.3,0.02,13,426092313,426192313,34b6224eb919e4926b4e82135014d5d446f5b935d195c728bec58e63adc8abee
1,confirmation,1.3,0.005,14,426092314,426192314,28752c5dc8efd35770c2bcbf5f6f374442a7b0bd79112fd5dbc4b9d6f479535f
1,confirmation,1.3,0.01,14,426092314,426192314,633ca3e20324db1f9eb2218ba81a0b5fee24323c8202e594c602e3ab58ea7952
1,confirmation,1.3,0.02,14,426092314,426192314,0e49de8a65718292d67affd1c5d354d4de58884b0a5c212502bd1c2dbcf193af
1,confirmation,1.3,0.005,15,426092315,426192315,34a14f2f11dd78f668156375024fca7de09d98a6f0e13ebf3d381297acf51f61
1,confirmation,1.3,0.01,15,426092315,426192315,a7b89261158365a34fa5592643db000e51dae02f307a9f3b6c04ab492513c972
1,confirmation,1.3,0.02,15,426092315,426192315,fe35a45f65dc0a45c4fd5017e9875f00c8484e2a57ba68a4b39dfc214acc0959
1,confirmation,1.3,0.005,16,426092316,426192316,95917f5cd9730d27dfec547ef2cc144a11d58b0fb0cd7f8d0289e592b5e9a696
1,confirmation,1.3,0.01,16,426092316,426192316,6b30ca0bce2c9dd57c3e4573fa4dace953cb1305e6c1d75c9a014594d0db8ab8
1,confirmation,1.3,0.02,16,426092316,426192316,0c8f1e123f46281fb5bb59a2318342385d1c7669ee2b6b65de709b87fcd95004
1,confirmation,1.3,0.005,17,426092317,426192317,904fab0d19ae8562268b527e865be2390a5d37688296a168110ade1b25321639
1,confirmation,1.3,0.01,17,426092317,426192317,db0d790842fdb8777e002ba1daf579c5d426e06e8558cee5c30f1fce6e5f43fa
1,confirmation,1.3,0.02,17,426092317,426192317,de4ca4757aea248bb0f45003e3e49826957c784f35aab165a0a2e883374cddf0
1,confirmation,1.3,0.005,18,426092318,426192318,1bee3768092d4360bb9665306dc1730100da4f4a5c9e8debc1d8a27c4714ca80
1,confirmation,1.3,0.01,18,426092318,426192318,b3787abfdad1a4d4e5e9b489afbc3f28f953797cbcb7575c38f2250abe0a116d
1,confirmation,1.3,0.02,18,426092318,426192318,256fdb259f87ace96b5ffff3e54af2c98c8193698e3c182ddb49cea0232328aa
1,confirmation,1.3,0.005,19,426092319,426192319,ef9868f109bfc6d113d803c15c8ed72620058f0fb4b2e966cd59cb2431325fd4
1,confirmation,1.3,0.01,19,426092319,426192319,267846bf09bf4dc75b2ddfb3ce914556db6eb534509b0fedfbc2b5615346e7a5
1,confirmation,1.3,0.02,19,426092319,426192319,dda690707f6e273c4f5665d21c9a0ad8fc87547825481a441b4f1f9653711b21
1,confirmation,1.3,0.005,20,426092320,426192320,4f47276111dbcc8efb848bae3d64158e65f773d68aa4d2d23827c5a40578313f
1,confirmation,1.3,0.01,20,426092320,426192320,5b30a27fb48ba2ba495f5e4bfc17e919779d19048becc631474445e1852a0e38
1,confirmation,1.3,0.02,20,426092320,426192320,0949674701dd62df134ffefcd20cc9ef9a8ac66c14cd07b90c078e7751243605
2,clean_calibration,1.0,0,1,326093301,326193301,b8d14bb1ef5841f92134f8b1892b88929e3b9005d18692b6bd101ba30879558c
2,clean_calibration,1.0,0,2,326093302,326193302,d6c937100ea6e807331002ec6c7f2ad5dee352f66c33ae62a4d109d4d4b25541
2,clean_calibration,1.0,0,3,326093303,326193303,6ff82d25f63fc69d24573039bac369c4e4f72b647e2d77ba813fb280d7a0f3bd
2,clean_calibration,1.0,0,4,326093304,326193304,576d21e4581e4085f2110007fb2dd84e435db4a8c8d379ecbf74f34a5d5ff149
2,clean_calibration,1.0,0,5,326093305,326193305,d400b9ed27a04fd5a4b3f712b48a75f11bcf49b64ef699a78e079afbb759437d
2,clean_calibration,1.0,0,6,326093306,326193306,9528525b80175ef02d2ce7ff13ecc1c59465bd67f7473e780755598dd12db654
2,clean_calibration,1.0,0,7,326093307,326193307,642738ae281a318f32a4ac8403eb56ae50bc7fe049387136a6b2f35cf83c8814
2,clean_calibration,1.0,0,8,326093308,326193308,2736ba1cf49b228a0536ee94da81f4525bff4ec0625804145bbf21c000dec4f5
2,clean_calibration,1.0,0,9,326093309,326193309,4db2f63e242dff6eca4d3d59230b3741e238d174116ec8d19e342a6a96e7c105
2,clean_calibration,1.0,0,10,326093310,326193310,49455cb4ea6b926306aaf4ea77fcb88647658f0acabe528ac45983856bc2ac41
2,clean_calibration,1.0,0,11,326093311,326193311,7e07f9b2c9415118864064f3e8de9fb5ea6da6b846c940e552c1caa8de2191c2
2,clean_calibration,1.0,0,12,326093312,326193312,6ca21ec5d8ce0b80212ad3b4efa2db3f8ef6222f67c2421b5d75d0317b05da29
2,clean_calibration,1.0,0,13,326093313,326193313,c025a5b5dc59735b7a551f5bd87dcb97eb99824609a1f7bb45aa82dc3a67582c
2,clean_calibration,1.0,0,14,326093314,326193314,f694ad7edcc7ce10ddf5654dead17a7598849eb10ba0d0f15d0a471a292dafa8
2,clean_calibration,1.0,0,15,326093315,326193315,65fd21b2f257c1b425aab311a376f1a3b28b1b57132f54a94409671b5ab3d5ad
2,clean_calibration,1.0,0,16,326093316,326193316,78de40174613e968eb54a0a1d179e428ffd4256421a0c1126cebddc437a015b1
2,clean_calibration,1.0,0,17,326093317,326193317,0af74161d0b4ebec784b8aa38c8cf635e002118d04f0db57911ed92c04eb2850
2,clean_calibration,1.0,0,18,326093318,326193318,19420a3eaa9706ff562c088736da63f1b463b25f5ad85a9b963565536f633c18
2,clean_calibration,1.0,0,19,326093319,326193319,9fc7e6e30af1e3c0e8370ac3b29ac12d7a57c781bb530d0fe9b037b28b5c9195
2,clean_calibration,1.0,0,20,326093320,326193320,17d04a9974ec22050f2377a736c4a80d71d4d6c9a04781e0d85d13bfffbddd96
2,clean_calibration,1.15,0,1,326093301,326193301,40171722de4f98e9e7b10675be07c420ece92f6ae8f7e2f3dbbe58033fca94ce
2,clean_calibration,1.15,0,2,326093302,326193302,d254d0dfb6a8a2becc8621bfaac5871e6ddd2afc12cfb512b3f1bd6465404f05
2,clean_calibration,1.15,0,3,326093303,326193303,45066d57546a624e1e15dab01be1e6be8bdd2711de00efb235acb46d2756ca1d
2,clean_calibration,1.15,0,4,326093304,326193304,d560e12deed41c37328589baf836b3d9a7d92db81cd545cca5df35cac1046992
2,clean_calibration,1.15,0,5,326093305,326193305,3921381b116f6ff6b9ad294a185a36878ab714a15a327426a2e2182a713dce9f
2,clean_calibration,1.15,0,6,326093306,326193306,befddd7abf3a0606e93628da04dde5a7b0c3e7e56657eabdace94f6eacbdea31
2,clean_calibration,1.15,0,7,326093307,326193307,53394c1d20c7211eb5402dcc74b6ebc3f46e920375f998a796953a13a0b65e0e
2,clean_calibration,1.15,0,8,326093308,326193308,9eaa9341d09e08c8ce54ac8955597c84f6a999a3af6bc576e91fb20b9cbe93b0
2,clean_calibration,1.15,0,9,326093309,326193309,132fb49ecb3e48d7e6c06cc11c260f8a95f50accac9359ab2b530ba543d400ba
2,clean_calibration,1.15,0,10,326093310,326193310,02a27765e3a5c4059492e3fc07903bf61ad25f7d1a5d0d1822b8d887e190771f
2,clean_calibration,1.15,0,11,326093311,326193311,4411f2e652cc37361f4aabf7cf3210b1847ce5ac6ef14563eb737ec1fd0c3e1c
2,clean_calibration,1.15,0,12,326093312,326193312,045e301dc2700f65781fda1a75c7843ef3e0542eb43c7776fc694b07e7912174
2,clean_calibration,1.15,0,13,326093313,326193313,71fb28c6901ab9caa1641de5b11522173028632dee1f31611b86a99c4d319837
2,clean_calibration,1.15,0,14,326093314,326193314,0005fe32570c72b5ae77f86474f844a9a2a17d2eeeb246e4977ba58e0ebe72f0
2,clean_calibration,1.15,0,15,326093315,326193315,c24741a41274b04389f8ac6c4ec4a48881567896f189cb21800d6cd86c27ced0
2,clean_calibration,1.15,0,16,326093316,326193316,f6f65681806fc9ef34095a3979a6b3f21e9f69332df2389fbb6a7bc32ea5e900
2,clean_calibration,1.15,0,17,326093317,326193317,4e35a868debfba5b71345fb424e0dd15cab2aec6b2d8b5b5970b729cb4a15130
2,clean_calibration,1.15,0,18,326093318,326193318,847322fa684d3c437420fdb89d74063dcd94af2f1335e7ad9fb99239da689355
2,clean_calibration,1.15,0,19,326093319,326193319,13c702f2efb5571ddc4203d523866216ffef00de8d32635230924b63f876ae26
2,clean_calibration,1.15,0,20,326093320,326193320,4e771f08b6911a292748e1459715b7c63d25cb170a34ad6e49efaa54c763b20d
2,clean_calibration,1.3,0,1,326093301,326193301,b222badf31d251ed42a12db22d894400fd7101464fd9a12e4dab89b0bbe5c617
2,clean_calibration,1.3,0,2,326093302,326193302,ce03181f4e04964f5e4c1ef32dca4d21c833a8be077a97a59876181c0344f101
2,clean_calibration,1.3,0,3,326093303,326193303,d5def0fcc3234a18a3c78e1a01317f4d107b1e62a49eb0cb9720cf29ace0cea2
2,clean_calibration,1.3,0,4,326093304,326193304,5c436b434f5939b199fbb41bb78fb023b796e57b63466c038e3008e9ff88f26f
2,clean_calibration,1.3,0,5,326093305,326193305,6b3d4a6fc641cf9643f944c8ef02999eb15278b2720b272d7a1f72b822ef83ce
2,clean_calibration,1.3,0,6,326093306,326193306,4201bd855113e9d94565f3fa0aa984d083a770182f24300aea2108b4022fc43d
2,clean_calibration,1.3,0,7,326093307,326193307,6621bed63b3cc614b5a6b235368a6398dcf51474186dee9805b34e8aef689f4f
2,clean_calibration,1.3,0,8,326093308,326193308,87ddf3ab7f6977093b55a9da11c24cba563165f29c598545c1c7048d564ef070
2,clean_calibration,1.3,0,9,326093309,326193309,fc1a024b5929dc1b12494ec6e90b4ace74218980b97376ac03dc01e54e419c26
2,clean_calibration,1.3,0,10,326093310,326193310,9440f1ccd6068d782dc57fc7b950b734cd7be62566ba331172f748644b085e4d
2,clean_calibration,1.3,0,11,326093311,326193311,91347f9dce00d4e8f209e9927d14b79d7c7c4ce8bf28193bc2353707a8990eaa
2,clean_calibration,1.3,0,12,326093312,326193312,ce35f0a0c30531d8ba577fae9b332e16a1ec91a47bfd37477651b868d1cadda8
2,clean_calibration,1.3,0,13,326093313,326193313,f21cd459ac6e5371b57c98be7d4e52b72944443c55a35238964365f0bbb916ea
2,clean_calibration,1.3,0,14,326093314,326193314,4b234a44bd4639133fa2294b3f9a03a821b878d4076a81ecdde7a4b57776b183
2,clean_calibration,1.3,0,15,326093315,326193315,224b66221cd78faf40f7389ea5a8aa6d0e6dc59e0e62b0d7b78c955e8db0cbe5
2,clean_calibration,1.3,0,16,326093316,326193316,21fa6aa4da693df888f21567ab646e924cc40fbfaadfc3654e213d26a40af319
2,clean_calibration,1.3,0,17,326093317,326193317,2c952d53ae9aa626370cb8ee6f1abe5a7e6a966bf6468684c752d240bddde7c5
2,clean_calibration,1.3,0,18,326093318,326193318,3d13e092890400c009dfa67143721b8417cde44dbd673b784433f75951c10464
2,clean_calibration,1.3,0,19,326093319,326193319,71443b02e934c833271cdee518338b4d509bee709c67a2696a54599d7df60f9e
2,clean_calibration,1.3,0,20,326093320,326193320,48457ed82155cd29713d12f9616321e4b63193ba6fbdf511e3cc898af7a0569c
2,confirmation,1.0,0.005,1,426093301,426193301,558a2915c398ebd558343a626c40dd637647e917e703969a4231bc9931148d81
2,confirmation,1.0,0.01,1,426093301,426193301,88f08702f9ef16a92ae8c07a186224702f756b83c66b3da6983b05b1cdc2d7d3
2,confirmation,1.0,0.02,1,426093301,426193301,c68fc99d7a777aa62aba213aaeb0f4e97989e6c09b93e844651b11a93a97807a
2,confirmation,1.0,0.005,2,426093302,426193302,2ece242d0f47602c7509cefd751c5fb48ded376cda63af2b7c9b295dc6d88fd7
2,confirmation,1.0,0.01,2,426093302,426193302,ea866bc958c5a1267c90a85d6a1fb01a70af0697b1c6ea3d1607754130c41c4b
2,confirmation,1.0,0.02,2,426093302,426193302,465d4c37b28439c54e94c3c790df4b034662f3fcd1372d6d8ebfd4b9b90f7d53
2,confirmation,1.0,0.005,3,426093303,426193303,ef243d38bc5eddd9c1a7fb28de90cd03bddcc300eb020916c22e95f459403f0e
2,confirmation,1.0,0.01,3,426093303,426193303,1f3f723c3372f77d63faeb1500e84dbf87c5fa4b6e1f4e4dae0d9aceda95cff2
2,confirmation,1.0,0.02,3,426093303,426193303,cda16cd83b7432a695e53560cf51c6942d3d118c760e05547c44b40dacc6b6ec
2,confirmation,1.0,0.005,4,426093304,426193304,ffbb9c08efc3f05c487db88baff9bbb72ca60917ef2cf63292ba167b4e2fa09b
2,confirmation,1.0,0.01,4,426093304,426193304,c464dcd2dacaa08fecc590d7c8a951cb4b2b9ad029929472fd4b11a3b60595e5
2,confirmation,1.0,0.02,4,426093304,426193304,846c1e743b808b1e3e4d8763a70a3b8341557bb6c63b05ac47b5e842c4c910cb
2,confirmation,1.0,0.005,5,426093305,426193305,b30c33d463c6ceae4899c80d7417e534c4717a966e7e0d83def7e36da5d02125
2,confirmation,1.0,0.01,5,426093305,426193305,07fdbee8087bf9f6fec879247a64ff06c4865ca2cc2edd52107e82d5b289b8b1
2,confirmation,1.0,0.02,5,426093305,426193305,601fc72f2846aec5545756c71081d599d6dd891be73d6b11f0634a7c72e25d52
2,confirmation,1.0,0.005,6,426093306,426193306,e15794c263a918d2bcb27b47018b684e4aaeab66a283b1cc0b9aa32d6809593c
2,confirmation,1.0,0.01,6,426093306,426193306,b7811c71766f9b8143d6b258ec5c47ce4ff01351f3987d8cd22cb5d7f200cf7c
2,confirmation,1.0,0.02,6,426093306,426193306,ec559dd9c1f12362d367d9be13025ab8a4efedd5a7b48b79b39cc170f23c5624
2,confirmation,1.0,0.005,7,426093307,426193307,b67841d2dda38cd401fa3c59fcb20a7357115a51f760e4b18e0871f67f34cb89
2,confirmation,1.0,0.01,7,426093307,426193307,89b71269ce919666602c05e9be615447caf60c2dcbde050859ebdcd8bb3b15fa
2,confirmation,1.0,0.02,7,426093307,426193307,1a2a5bcdd6882d187f58b7d6055a81b9f6ace61dacc7bf52d869f7f4ecce3db5
2,confirmation,1.0,0.005,8,426093308,426193308,a170e22fabd4d713c057f0c9610976bfe52f0325a37f9cc9c788656e7a87bf21
2,confirmation,1.0,0.01,8,426093308,426193308,10ab1ccbea23d7f39226dee9941e5ff1405ef57929e52b6873315f6297d768c5
2,confirmation,1.0,0.02,8,426093308,426193308,2510a9d932eb4fb16d94c680dfee194b1dd08b903b25f78356a96f5c2209ecf5
2,confirmation,1.0,0.005,9,426093309,426193309,bf872fa23984e1d141b44e5b636051bf05e725e23bdddefa4e388544ab03f589
2,confirmation,1.0,0.01,9,426093309,426193309,45c6450b6d7b53f7691a50754a835d7668864d05b0de3af606ff0262485f1f97
2,confirmation,1.0,0.02,9,426093309,426193309,16e02f46e9dfd1e78171dbcb50522e4cdd4494b12514cc1b9f343f9b30c8d2e6
2,confirmation,1.0,0.005,10,426093310,426193310,6ebbd603051b0173511012686bc58dee0ce06110433d042dfc0015d1daa7bb11
2,confirmation,1.0,0.01,10,426093310,426193310,3731e571614f3e8d06ba94ed1bf728723506f4e7374e6414c4eb63f3357ad7bc
2,confirmation,1.0,0.02,10,426093310,426193310,1f8f2c18f2485acf2f2b085053e75e68d4681579cac872b527ae546bcb828bc5
2,confirmation,1.0,0.005,11,426093311,426193311,164c91d205ad0d0df043c90f8589fe37d900220f512e40437d7525706777ddbe
2,confirmation,1.0,0.01,11,426093311,426193311,bbac603e85ad57ac000e99282b4cd8ee3404cb9461525becd4f958e2684411a4
2,confirmation,1.0,0.02,11,426093311,426193311,95fa6d91a464aed8e0f400d6f6ee57bf7ed425a947841986378856cb346c0b14
2,confirmation,1.0,0.005,12,426093312,426193312,1d4e0dceb8f720ad73321ad1d5ee1946f045b90ac53c5fb0c47aad50309e5a8e
2,confirmation,1.0,0.01,12,426093312,426193312,5da0b53100fc6a9ad822c75cc7e01f464e0422ff6db5178ff5a3e8ecdc320f14
2,confirmation,1.0,0.02,12,426093312,426193312,91cd2a2b4c9275f558113fba617ef1d97e35a6758754288fb18e38e4743d041e
2,confirmation,1.0,0.005,13,426093313,426193313,32a0f6e06827ad36ce2efbb580a55d29edc6924e65cee4ccd0a0116829060a57
2,confirmation,1.0,0.01,13,426093313,426193313,2662987257d466ca0847af83c6be56a84b1534b388d725df60028c46c56b345e
2,confirmation,1.0,0.02,13,426093313,426193313,dabc3dffd8084c3c78561d9fb62aa62f79b7a7efafa9ba9b00fec17f4316af44
2,confirmation,1.0,0.005,14,426093314,426193314,47d136d9b523a69aa4fcfd0a09f285b55d4b517825cc6a743f5e5266a8ace15a
2,confirmation,1.0,0.01,14,426093314,426193314,f497e619c5721e942bb6e29b38d622cbb53127130ad649004f7df30d693f988e
2,confirmation,1.0,0.02,14,426093314,426193314,5eafe421efbb2ca13b25ae38a9de5c5ea2cf25174b98596bbb34c64864cdec4a
2,confirmation,1.0,0.005,15,426093315,426193315,f356cde731d8a6bdae7fea6861a7a148a9da8b03219ffa3e9f9a4a040bea20e0
2,confirmation,1.0,0.01,15,426093315,426193315,94e6ede6b291c8556a5f375f8bc02cd7b403c92ce14ddbeca25d193f5837f875
2,confirmation,1.0,0.02,15,426093315,426193315,593370ab87a3c49d3fed1eb8fa3093a0ca5aec542c602936a0032fc2af94c545
2,confirmation,1.0,0.005,16,426093316,426193316,818ad3ac0c15c8904c718bfe69f3462de8b2825caeacf1fd8a87a6f39bc55a92
2,confirmation,1.0,0.01,16,426093316,426193316,07f194e23f2aacf072d7f4c35023a2dc25898badcd715ee49b6296bb3c002071
2,confirmation,1.0,0.02,16,426093316,426193316,576640ff9bc1127ab9e4e1a58ffd7384a28db6be466cf6915ae832ac1eba6f29
2,confirmation,1.0,0.005,17,426093317,426193317,10ab9a99d59df4ed8536e60214a6f5299c27d62785c3d23706ded1a63e6c651a
2,confirmation,1.0,0.01,17,426093317,426193317,69f312ef38ae1584bfb0c1b2a6481415a54539c78f67c077008ca60f40e3b42a
2,confirmation,1.0,0.02,17,426093317,426193317,25fe97159e773cb36e911b2847854fe2fae50ef59c301775868ef203e0511474
2,confirmation,1.0,0.005,18,426093318,426193318,a0f2bdca1285738dbff634c9516c82849579b169aef93d9b113c1793dd99a624
2,confirmation,1.0,0.01,18,426093318,426193318,67520029ec519420704d005f2a61c13918a9c3b756e45c4a3a17b5bb0b63cf9a
2,confirmation,1.0,0.02,18,426093318,426193318,dd9a2544e9dc19d1e900463d4819e448bd894770dbe2b9f1b97ce010ebbc3107
2,confirmation,1.0,0.005,19,426093319,426193319,6c256b489b86f40d5f10a8df347d3a574e2c483e7e53b198a46c13f4cb3050cb
2,confirmation,1.0,0.01,19,426093319,426193319,a65c0c01a550034981ec49821eb3f7757e662b4b184b81e39c7a2201348cb655
2,confirmation,1.0,0.02,19,426093319,426193319,12bf803d8649055d8b3a7e03a56d94c27899f73e165ea7540f6e58d94a400a58
2,confirmation,1.0,0.005,20,426093320,426193320,16529b7a11c47af6aa9f66fa5579055b10abe399faafe6baa70f5a3f815b8016
2,confirmation,1.0,0.01,20,426093320,426193320,6f5b9890cd5992ab68b398af32d0759919affea7fe710ffb5b2348c71202b74e
2,confirmation,1.0,0.02,20,426093320,426193320,7c05fa3507f7f5f5bfc6ad320642d797cdf32135d6f97c22f4e896f94be1b3ea
2,confirmation,1.15,0.005,1,426093301,426193301,d04c710b5a49db6386b95993ac8db0fe82158d73b7f3ef66f0bf9b9e94a26911
2,confirmation,1.15,0.01,1,426093301,426193301,c021d48d317e71ba33aeaed247dcbe79f70e24500d6a1969b3ecaf739c24010c
2,confirmation,1.15,0.02,1,426093301,426193301,ac59ee812f21f4614926f9acdd3edab4f3c14929c2f8445fefec3e60663f7863
2,confirmation,1.15,0.005,2,426093302,426193302,f64b043241b12b98e50810fe59eb614a95f69eef7c16365b1aa3829bd32f084c
2,confirmation,1.15,0.01,2,426093302,426193302,543273078b71e442f51f481addaea86bd8cd935452c7cbeb44cea418c87774d4
2,confirmation,1.15,0.02,2,426093302,426193302,d7c9204aef1780d736140475ed9b4ccacc02ea8f5dc2b7cae5a3bd3c0b7b845e
2,confirmation,1.15,0.005,3,426093303,426193303,be82dd71a90d0f8424e587a97eeb9185bbee51d2a712b5c5418f98b04f37cacb
2,confirmation,1.15,0.01,3,426093303,426193303,ab70b5fa0050cd57b70386fe79681b49ecbc9a02475ad68ab11c39f8ccf126a0
2,confirmation,1.15,0.02,3,426093303,426193303,63d93fa402611774cf090657ef1d497ed21d972c0650ced67a60d76840d7635b
2,confirmation,1.15,0.005,4,426093304,426193304,159bdce83a9f2114ae10b47c9467ce09f9eeb4b96a0fef0ee3048c04eb0a1977
2,confirmation,1.15,0.01,4,426093304,426193304,929a0ffc9e496da1f83227bdb3515c5be229b0639939dd246b872f74b8566be2
2,confirmation,1.15,0.02,4,426093304,426193304,78635fdc4151548283c2acfd22185d7083d775ac7ba34e597e8b7c5904c87fc5
2,confirmation,1.15,0.005,5,426093305,426193305,0940f6811280f9d8d324545c17dc7a88e34ffaf6d73e747037e4e68c9a2b1b8b
2,confirmation,1.15,0.01,5,426093305,426193305,0b4baa38841ed8e71165c31b2469744518a0bc8d00af857a5c1fbe9b5b1cb587
2,confirmation,1.15,0.02,5,426093305,426193305,900e101b2ba38119a5535cd40a4483e9dd30e99ab927e8fa8480e4c407bc9083
2,confirmation,1.15,0.005,6,426093306,426193306,50122c30d01289901e1983d0597741f5667bd5f81c8e0b8712ec859553f133b2
2,confirmation,1.15,0.01,6,426093306,426193306,964e0e781435b9b829745bcc40f8386766caae871de5e8b42d293eb22669f82f
2,confirmation,1.15,0.02,6,426093306,426193306,f0e9b551a26b3a217f8d326acef902675fc32facbb2ecdf44091038561a5ec12
2,confirmation,1.15,0.005,7,426093307,426193307,289ed9ca2cb3aecb1ccdc9eaa9b86cfbb064500f531c848878064b080da41519
2,confirmation,1.15,0.01,7,426093307,426193307,45dac75b6a9eeebe3995fb4f048b2135c0e1f4847a7bf27e21202f7fb19be1e9
2,confirmation,1.15,0.02,7,426093307,426193307,0ad4df557ee28125a98976116915ec973da7541c22df42f9219bedbc015e6d92
2,confirmation,1.15,0.005,8,426093308,426193308,b5470a1f0f204ebdceb3507f82a0ef2f9fdb4a2287387b1a76af73e5ab8e14ab
2,confirmation,1.15,0.01,8,426093308,426193308,7e389ca3ae44d3e64acc98657ef68a6550f0453ced7d38fb9014237df00004cf
2,confirmation,1.15,0.02,8,426093308,426193308,d08c395ba133d7ddb5abda942001f3f8f2a417877c16ef27e189f879fe96a167
2,confirmation,1.15,0.005,9,426093309,426193309,1bd9af64344b7576808a31a5421e0ce4ab57a374a4a557bc2308087e3485f7aa
2,confirmation,1.15,0.01,9,426093309,426193309,8f3bcce554997e6c806e117e1305e68fe542a355cb8251fb75f7e28081662780
2,confirmation,1.15,0.02,9,426093309,426193309,9b033307c8e2e64e0081cb215d5e3ec4b3b03f2373c66b4379c9ada70463029b
2,confirmation,1.15,0.005,10,426093310,426193310,a095e0acdbc848cce32cea0234830af88976725da30aa22637d2d6aa08ac7cbb
2,confirmation,1.15,0.01,10,426093310,426193310,3de52ca1777d8670d151843952c8b95661a9044608289c5353a3adbccc806ed1
2,confirmation,1.15,0.02,10,426093310,426193310,f051a878b1eaff51d8e15d0547ec3213ddd3066223cd67a752fe20109f17423d
2,confirmation,1.15,0.005,11,426093311,426193311,c0f06d482cb5954936c959ffb12e7b50d73f15c82db28522222cb25c8246a98c
2,confirmation,1.15,0.01,11,426093311,426193311,05e2201c9bc76ed1ec0a21623c5037df846ce08e8abce1157dd63aeac54ff40a
2,confirmation,1.15,0.02,11,426093311,426193311,f4193d1997c47160a084b7d60cfe3bc6c96e10d72c10586f7ff4c49bab2c2a41
2,confirmation,1.15,0.005,12,426093312,426193312,32f2db23fc549eb5c8b5fd5795b3ebcabecab1b7e1b72ba2ed5dc8c000b83c87
2,confirmation,1.15,0.01,12,426093312,426193312,b4746c510313617be00e9d5147a67de614b9ea956585627fbaec220226bad1ea
2,confirmation,1.15,0.02,12,426093312,426193312,1d588d52fb5b610c26201a35647ca5c64a91d48befb952ab51ac0217ac515fa8
2,confirmation,1.15,0.005,13,426093313,426193313,6ec6488124a3b9486b4dc0eb695d41a73601b8f0735faec4324f21b8e687bd00
2,confirmation,1.15,0.01,13,426093313,426193313,2566d8972907ddf3e715607bc8a9c6fd26c30fc91a746c1dca214bf1393b22af
2,confirmation,1.15,0.02,13,426093313,426193313,6e77e63e551484697cf5e094777a14ed6f85d4bbe665d8273e369360f6a0367f
2,confirmation,1.15,0.005,14,426093314,426193314,69fe302b10ad6ee5abb607fef4f3f3b27b682028a94dbf7415aaa08e050ec9eb
2,confirmation,1.15,0.01,14,426093314,426193314,53c732e10c8e84a7b86e75ece0c341813a7e72e53f9e1b1203f8c4d6c9f20431
2,confirmation,1.15,0.02,14,426093314,426193314,66d5faa44c855c075ed47658061230980db11395067d58061894650f14cd10ff
2,confirmation,1.15,0.005,15,426093315,426193315,9d03d17e5b776b4a14710f5c41faae1b4e6a84578334bf3f84139c37f5398221
2,confirmation,1.15,0.01,15,426093315,426193315,a3915c6977fc130250fb4f802b0d5592c92af53c7b20a4d485a2d326425e4ade
2,confirmation,1.15,0.02,15,426093315,426193315,f763f104919199e797034f59ed222ad81b7830a578dd5a42c61f1e0a2d0a0f8b
2,confirmation,1.15,0.005,16,426093316,426193316,7bb941adef545c57640eee8052d773ca9a004c08c59249e17cb39dc57838a27d
2,confirmation,1.15,0.01,16,426093316,426193316,9ac876b4e24903303e1c0388a70d4cbf7074519d1a26c6395fc29e4a2cfd9ebe
2,confirmation,1.15,0.02,16,426093316,426193316,cd041bf8246fbe2a271089d54eccd754ff793ed9d05b8be0635d8b72d8d27019
2,confirmation,1.15,0.005,17,426093317,426193317,d0388a2e22620e4c97338d47ce3e84df8dd2ae53b6cdd4693faa379165a570d5
2,confirmation,1.15,0.01,17,426093317,426193317,7dff54e5fe178e231f88bfeb80d727bfade3e2b5a59aa136942471c320eac5b5
2,confirmation,1.15,0.02,17,426093317,426193317,153b1f01c44f04954ff8e2d94d232ab79b52d35563dafad10cb0681193ba80d8
2,confirmation,1.15,0.005,18,426093318,426193318,0379d2719f3a792d705a5afa7b807f718308c47a6cb3cedf739766a5a0cd3a92
2,confirmation,1.15,0.01,18,426093318,426193318,4fab521252b41cf71c3f65397ecd73a3918478464b942150cda1d4446c385e17
2,confirmation,1.15,0.02,18,426093318,426193318,cdffc898809c81c86a56e8afebede347391ec1d799812eb3805ec97715f7161b
2,confirmation,1.15,0.005,19,426093319,426193319,8f501ec3c317183cb09b5ee590688e46e14baf69b7aecbab21adea268b0ef03d
2,confirmation,1.15,0.01,19,426093319,426193319,edba4d5614f2df87e617c6a07c9ab27c071a981294235e5f520dfd7c92b8a1a2
2,confirmation,1.15,0.02,19,426093319,426193319,b019da8a43149574036a6e4acbf7c6a08452b649c6cfe4f5fd8722669f66ed17
2,confirmation,1.15,0.005,20,426093320,426193320,7af016fc9f3874d6b6eda737f092e5c7aaf055bbf5bfe4c7ef7efb3ed820cf3a
2,confirmation,1.15,0.01,20,426093320,426193320,ec7080c134f6a1521ccf487a1d576d07c87088e426197e61d383b28b8cd4a913
2,confirmation,1.15,0.02,20,426093320,426193320,cc6ec41e3b789168a5f07046fe1847cffbc4401366c66e7fbcc261f42138eaac
2,confirmation,1.3,0.005,1,426093301,426193301,1262774ceacb232972ef2f2bdafa89105d6ccf08ace620fac1169bf6673c110c
2,confirmation,1.3,0.01,1,426093301,426193301,5d232149550d01f09ea7d1b73c5cde3b2eedfc8ee8a6ddae5905458bc38731d5
2,confirmation,1.3,0.02,1,426093301,426193301,7ffc5f327aabb37d2f5ba4c5ed2df44f27f7de451ce1dc8d1244736ac5548faf
2,confirmation,1.3,0.005,2,426093302,426193302,23db9c3e86e632f500e82e77fa2413fbc643972a87592bfd62516e0069c44934
2,confirmation,1.3,0.01,2,426093302,426193302,a71c63f41598aefd265a3e733354f58e9a8e061d4817303c4bcb5bdaeb9be679
2,confirmation,1.3,0.02,2,426093302,426193302,fa5a3e3ee9782cc206913508cc104a9a241a0a3c61df50e43b2c52e1c08dcc0c
2,confirmation,1.3,0.005,3,426093303,426193303,74cdd8af32c1d7603deb93668e9d31160b928f7cadc1748723b922374ed10f00
2,confirmation,1.3,0.01,3,426093303,426193303,eb86e83731bcbdac20a5816703de39a5fe53a5c4d6b0e54e03749b4fd049cb2f
2,confirmation,1.3,0.02,3,426093303,426193303,8d5e941254af0e9c69bf64316fa10e5bd9ce197323f83054c779a5cb151562bb
2,confirmation,1.3,0.005,4,426093304,426193304,e3646e2036563445f55a5d8db999b3dcb68933d3f40fca8e5a107748d547b85d
2,confirmation,1.3,0.01,4,426093304,426193304,986d1e5be870028cf517a637cc85509a0a39ff1c89ea5055fbfcc824a85ed29a
2,confirmation,1.3,0.02,4,426093304,426193304,39f22748e4320adc4522d28aaccff45893260eaad83929843ff8de3322493418
2,confirmation,1.3,0.005,5,426093305,426193305,c5599bfe1c71ccb9a00a5796335599cd1a7cda1435d717eb18a785e93210e5cc
2,confirmation,1.3,0.01,5,426093305,426193305,39ff33a0a45444e481415251a73d6ff9eaaf9b2671044ece15e2dd891e674f11
2,confirmation,1.3,0.02,5,426093305,426193305,ee86dc5b9e38c995705facf9aac86bfcce1faa66f45caa5ade6e1eea5c401eaf
2,confirmation,1.3,0.005,6,426093306,426193306,3da2cd6aeb54f58e247f77b2beb8425d14c30da1a5e6f8667c097d50ab70dc92
2,confirmation,1.3,0.01,6,426093306,426193306,94b3b7f433eb6c2d9ccfbec4a5463004dc645a287c4c847c64e8348c593e2133
2,confirmation,1.3,0.02,6,426093306,426193306,ad47cd7697c9c75bf81e7ee08deeb4dcb21f436309b325534e0ed5a4a6848810
2,confirmation,1.3,0.005,7,426093307,426193307,a0c535b389b6962efe977f0f9ce677b95af786a454063e2d042026dfec123760
2,confirmation,1.3,0.01,7,426093307,426193307,4f53b238f47423b82d457bc6b7456d3964a017ca6186a2dd6d33830d6c3739fb
2,confirmation,1.3,0.02,7,426093307,426193307,e37be45988026fc8ae5f1ef4555a2ff7766a97b849b67ad7cf89d7d62e173c49
2,confirmation,1.3,0.005,8,426093308,426193308,9c1016e033fba7741ec08f2a534e64276b7b924014e793efdc91033382750e67
2,confirmation,1.3,0.01,8,426093308,426193308,543653e6b3a6158a96ede8b0aecc5958d4e1582b4ff96c4f1caeb91c3843def2
2,confirmation,1.3,0.02,8,426093308,426193308,0fd2edc0d1acc9a54610c0ed22841470fe820c70c18c9834a8dca7db85676331
2,confirmation,1.3,0.005,9,426093309,426193309,7f4fb63abe2d5b4165195848979f27805a3de8e2e93edbd29418887b4c11edce
2,confirmation,1.3,0.01,9,426093309,426193309,3c916b70916ec5249c18f2b0d529da52cd34aa87ae4f8c81ce93fb5f1cd61b73
2,confirmation,1.3,0.02,9,426093309,426193309,5f2a08bcfbaefa34e23210c59b7163d4c319e3e02a7ab682c44fd1f1e596530f
2,confirmation,1.3,0.005,10,426093310,426193310,92de91b8952da07112577325f92cda3952597a0564d8212cbe577605387df48c
2,confirmation,1.3,0.01,10,426093310,426193310,6ca35b90dcc4132192d5d227407c61b18fe093ae76d83b0c62fbb3ab14f6e375
2,confirmation,1.3,0.02,10,426093310,426193310,e8369c39cf791a6d190154fb55e4d0efd4b44a39a02c724dd8a678d77b5f8bf1
2,confirmation,1.3,0.005,11,426093311,426193311,aa535df1f66e654b1f9a78286cda6710047a9dfd6c825ce1dbde58424b6dce3d
2,confirmation,1.3,0.01,11,426093311,426193311,ac7dda3d336b241f990ac7989e41e797dc87674034aca28bcaa7ca3084c09462
2,confirmation,1.3,0.02,11,426093311,426193311,40f55e7a4ab67328fddbe6427a866b057bf5980ddb6d0b5f13a74cb2ca1a8a02
2,confirmation,1.3,0.005,12,426093312,426193312,b21405df0fa1c218d6b5024cbeca42c8d6da4a662be52546885fa0d49401d9f9
2,confirmation,1.3,0.01,12,426093312,426193312,895a3359a461ad7ddd9bb6dc6ff33234c5d281a3085172be885affa0480b6f72
2,confirmation,1.3,0.02,12,426093312,426193312,768480560a3be1874881229a65b6b4fb0b4a63d2f04719ef8b2c8e1707c2d3d7
2,confirmation,1.3,0.005,13,426093313,426193313,55ceb361c8ecc606c7ebc66b4202688406f75b7f740814123a9ddea3ecba766d
2,confirmation,1.3,0.01,13,426093313,426193313,4adb00d781a388a733faf7808673281f8895649c6b2918dd05e6265817a6f0f9
2,confirmation,1.3,0.02,13,426093313,426193313,5115edb3a7fb7c4ebe4f0e5c8b831e67f1731f0af7740bb6c74c2b649f9efff3
2,confirmation,1.3,0.005,14,426093314,426193314,234d3a5143c46ec2184887bf1549b84092042ad3690205078956a45d81f212dd
2,confirmation,1.3,0.01,14,426093314,426193314,77c68be143b15399e15a216a1731b7228966c9ec67310fd0936accaa260037ff
2,confirmation,1.3,0.02,14,426093314,426193314,7a9c2e5f438310a6d2ab9a3e671fccffc9874d797d6e9460e9bf28f5691ded81
2,confirmation,1.3,0.005,15,426093315,426193315,e359d9921b45014f29b328a40dc5ecd25cc22b2c7e874e45e31c906f8daed4a6
2,confirmation,1.3,0.01,15,426093315,426193315,a841586bd441126d3c1d318ef50ff7ca4aa659b1cd1de7b490a54b57bbb20b58
2,confirmation,1.3,0.02,15,426093315,426193315,72c00ea37263f30b99a1f61878ed3be4d6968f00a8cc5e8e472b96bc56932fb0
2,confirmation,1.3,0.005,16,426093316,426193316,9f80298f8cf27363cac99e74564db77f1eb42b1da4a9ebc30dd9b08d8d0fb429
2,confirmation,1.3,0.01,16,426093316,426193316,305ce600e5c823abada71295263272c8ec609b7489cb72e567f246e1728ff83d
2,confirmation,1.3,0.02,16,426093316,426193316,88e77599cbddfb6bef4b90b932a3f3a5c937023ca9ffda3843da9cbb3e1c3c19
2,confirmation,1.3,0.005,17,426093317,426193317,27a2b618cde0b0e9075da2e3a24d079466514b20ad770f2e9021c022967bcc9e
2,confirmation,1.3,0.01,17,426093317,426193317,203ffd5f35d9142d979325c4b726d95f2b87849604a5bddb1da1539155591655
2,confirmation,1.3,0.02,17,426093317,426193317,6390add3afff17b51da2c2b623927e97781e45af325fe6c5c6dfa904718eef80
2,confirmation,1.3,0.005,18,426093318,426193318,02cc2add9dc6e3fe42927548a13eabdcb6f76014a9a694320651d954615f7c78
2,confirmation,1.3,0.01,18,426093318,426193318,66ce82ec4881b9deb0b67dc7f7c3d2d9820bb4c75341ca3616f5849e7dbdefc8
2,confirmation,1.3,0.02,18,426093318,426193318,6caab21d0d3b27f536e5dfa076260ef2a430684319848cfce7624adc26caeaf4
2,confirmation,1.3,0.005,19,426093319,426193319,ea3544af452c83474c5b77218187738a754e13c62cbb6c1e82b4781657711cd3
2,confirmation,1.3,0.01,19,426093319,426193319,06cd4286743dfed7d550da2aa4d1a76f500b9ed09403e665ad685b54728f804e
2,confirmation,1.3,0.02,19,426093319,426193319,7025d45e464de1e05ef84898e2800994caed434d4582b2a70ebc352dcf608e63
2,confirmation,1.3,0.005,20,426093320,426193320,c12b6ee33b5d33774dccd92ced500043becf9fe4d5a05b3cd6af2d196d4fe602
2,confirmation,1.3,0.01,20,426093320,426193320,e4e818b6858667e8f5ab6c59bfcd98bf96dece6acf5dd92af7c72851b3425b5c
2,confirmation,1.3,0.02,20,426093320,426193320,750fd0431206a7477d380d50abbac285a6a7febd6e6f35028983efb4c0e446f3
3,clean_calibration,1.0,0,1,326094301,326194301,144ac719c6b428e6a713f64b11957400a1db871539356140aa63c445a98e1cb3
3,clean_calibration,1.0,0,2,326094302,326194302,5e2a5345bb51354658a72914f202876075755e9592d0f0c29a2e45786fa4e29f
3,clean_calibration,1.0,0,3,326094303,326194303,dfed4c2ff43507fc48e9f6a09bd5f345f6422cb3f65583a94e35c9d4377c7d59
3,clean_calibration,1.0,0,4,326094304,326194304,761455f289c9841fdb99bc641263bf03379ca17cd8971e4f685f0592fcf79b76
3,clean_calibration,1.0,0,5,326094305,326194305,152ee603c493d37c41b4955f8e43b579e909a47a1b40e0fcafd7e4fb6d3d50dc
3,clean_calibration,1.0,0,6,326094306,326194306,4e8b3c82947481258e481f34c80d7c9b9ac98d6082daa3262443cfb86a468ca1
3,clean_calibration,1.0,0,7,326094307,326194307,8231032947a45685c04113c9b043a8d9cd4dcb5c036ffa92b2b60ab636cd6b19
3,clean_calibration,1.0,0,8,326094308,326194308,92ed80d2d58ac871dd3cc39fd19618080a6bce0034afc93c3af80c85347de1b4
3,clean_calibration,1.0,0,9,326094309,326194309,d3e93be6edcad5274be1c495f4a9f959df854bd2827061c38e234ebe109425bc
3,clean_calibration,1.0,0,10,326094310,326194310,13df97a0e996d197f68c330fd1e9b77427368c2a776c1514f450618c18984d00
3,clean_calibration,1.0,0,11,326094311,326194311,6563ed0d15b1ae46a25fa9dc632a01c9abceb4b5dd7d00726d4440315fc22e29
3,clean_calibration,1.0,0,12,326094312,326194312,1bf34fc419718ee3e04f61ab40dcf94fe210f9bf30fa31ea2bdd32ad020b31a2
3,clean_calibration,1.0,0,13,326094313,326194313,180b033b4448429d753d5234680de5f3556652403065f653af2c3a54db2e53bd
3,clean_calibration,1.0,0,14,326094314,326194314,5b715abffc44bdd5fd7b79ea9d8f56b293c47be692e720e9223b89c300c198df
3,clean_calibration,1.0,0,15,326094315,326194315,2d0768308aa25fcc828eb89d8dcf5e3e54990fa0df6aa2f64dbc1fbbdbb846b7
3,clean_calibration,1.0,0,16,326094316,326194316,193ef32b46ead946a47b7f69151acad42f6cc2d3529bb3f72b518a7ef1d14e26
3,clean_calibration,1.0,0,17,326094317,326194317,3780883c595ac404380f01b9ae3ccb7a78320ab0ee604d5cf0965f891a31ec36
3,clean_calibration,1.0,0,18,326094318,326194318,e24818d50133c286df9cda99c05fee211a7c6ee50897c77ee202c6b196467ced
3,clean_calibration,1.0,0,19,326094319,326194319,3a4bdc8609195ae03adc8958a7bd076317f896b8e1ee430d030056a0e4ef9470
3,clean_calibration,1.0,0,20,326094320,326194320,c2a6059c61e11d55cb135c9cf70737a3778bae37c1067aa3e7fba64d71e14104
3,clean_calibration,1.15,0,1,326094301,326194301,132f1de7f44af99d03a52bedbe0cb11822242d9aeb1203fbeb45bb6f0205bf91
3,clean_calibration,1.15,0,2,326094302,326194302,bea00c542db1a27a6023f4139b752ccdf166cd9e902525e3c963526d96196a6e
3,clean_calibration,1.15,0,3,326094303,326194303,ae9a2cdd4d346e3b57acd78b77519fa5af97fc20ab81537395c5edee6d6fc06a
3,clean_calibration,1.15,0,4,326094304,326194304,d4696320fef30500f64bb8a23b830790c18c66356cc8929259daff40c51561ef
3,clean_calibration,1.15,0,5,326094305,326194305,3b42bb6f88c9394310c8066ae81e9f68db968cc76d03526cba284c0cee2b76ca
3,clean_calibration,1.15,0,6,326094306,326194306,64c7c8611af5b69413133ba96676989c4df31d718fa5b234a24ac5127f354862
3,clean_calibration,1.15,0,7,326094307,326194307,9efbb6ddc0cb0bffb43a4b46204a32896945294064018f093454d86d42fad5f9
3,clean_calibration,1.15,0,8,326094308,326194308,8a4fb94b883971623c36f77f50be5d427e23f1233da685b7b2884314b93e3b24
3,clean_calibration,1.15,0,9,326094309,326194309,a475dc9c22ed5e51c6964fb0f70e456f02fc47f1d1a40ba21f982f701903423d
3,clean_calibration,1.15,0,10,326094310,326194310,21d90906f733136ff9114f127a1284b5fb9bd2f7231a46ad176a2468b4b43363
3,clean_calibration,1.15,0,11,326094311,326194311,96500803ec0f141cfdde050a9bfe5853e2089e02229bfbf438bc806e7c400cd2
3,clean_calibration,1.15,0,12,326094312,326194312,da3b091e5f95c8347c402649e2f9ee8c4f6ecb6c29a03965243f4d9e64939e00
3,clean_calibration,1.15,0,13,326094313,326194313,946e73f909ad2d53f5d03a576d72dfcdecb93e9954761674a3f79ee454acc7bd
3,clean_calibration,1.15,0,14,326094314,326194314,211b96d8ff1219e2b48bb2bfe1b7fa90adf3ab3451edb15de5c3a446f55ca891
3,clean_calibration,1.15,0,15,326094315,326194315,9c9e133715d3bd3e6a560904114e922a34195d436796a1dc9098a40b36663f61
3,clean_calibration,1.15,0,16,326094316,326194316,9ca7d91b287a654df5678990def63256e1b1d10b83108f71623aacc8b23dfbd0
3,clean_calibration,1.15,0,17,326094317,326194317,ca87897f23a73b9e00bd4f484f4f1a640c9a4961622d953125f3b1aabe1ac29f
3,clean_calibration,1.15,0,18,326094318,326194318,2858cc8c69c704cd40dbb7cb01ed4ddcd2c66a45a2f3b170d185958134dd3f9e
3,clean_calibration,1.15,0,19,326094319,326194319,0816163561d5a9c2e751d22043b1b6a0d1bf7efaeba2639e805dae497f7ea324
3,clean_calibration,1.15,0,20,326094320,326194320,094e4f6eb1ffb96177c2432db48017ea70f089f2d1e9ea200278709766aaf0a0
3,clean_calibration,1.3,0,1,326094301,326194301,f3dccc9822c4b7f9c99f986468bac671e9c6027ba0ef82ddec0334494c4b4676
3,clean_calibration,1.3,0,2,326094302,326194302,b59a3f9859397adcd5c00a11bd4131c186109482c45d54a3b6640739fbd3df77
3,clean_calibration,1.3,0,3,326094303,326194303,3e9b6316388fcb2616219c6342184c9feb92dbbab5e42a85034b6f6d1e15233b
3,clean_calibration,1.3,0,4,326094304,326194304,003741ef6810fa8a354fd4258941976a37df42677bef5568f2b090730bbb697a
3,clean_calibration,1.3,0,5,326094305,326194305,dd2da9655316d03f2dd16015364a26a0e587388cb7c6bbc1870671f6435e0ce0
3,clean_calibration,1.3,0,6,326094306,326194306,3e3bd5adcbf3bfea3be735cbd73a6f5b3fad9be9a7930787922cb3845a1b5bc2
3,clean_calibration,1.3,0,7,326094307,326194307,1748ceea4a89eb076b1437610ab2b4d171fbcc6a605d507aa8cacf99d37fd66d
3,clean_calibration,1.3,0,8,326094308,326194308,80cfe725b10b6cfd9e20be7c83e44d8299a901f1605bbab6f486d2a52108e929
3,clean_calibration,1.3,0,9,326094309,326194309,5cd51ec94b43cdbc2b9a95aa4502acd28f48d394705c192f6ebe8f7a0cf93608
3,clean_calibration,1.3,0,10,326094310,326194310,fdc4b0f27c713f9205f5955ec9643658b0171668645bf183c4b39fb9d579b041
3,clean_calibration,1.3,0,11,326094311,326194311,197b320c10a71bfe4e0e8a9615a78bd10377754cea22fc4fbc36292f2c2ec484
3,clean_calibration,1.3,0,12,326094312,326194312,fd5ca06470ffed1df427710532e12254f877a42a2e5837127dceaee25da48136
3,clean_calibration,1.3,0,13,326094313,326194313,07570b174735b4f70b8f928c24f55f4bacaef118df76f6f2deb5031351096d3a
3,clean_calibration,1.3,0,14,326094314,326194314,9f31cb23da46eebf3113ab7c33c6228477bb7af29abca2c57d40db448ad7d53d
3,clean_calibration,1.3,0,15,326094315,326194315,e87cf98d060decbb505884f09c395291cedd08a28bcbd952dece1f2ef58d8b5e
3,clean_calibration,1.3,0,16,326094316,326194316,7f2b53c49c5f0a9988754eec6b5062f9756d6f8c3bb36c2e6e3ddcf52e06acdf
3,clean_calibration,1.3,0,17,326094317,326194317,13ecba93cea457b1e6b6805b61862c8719afa349eb78206270d3ad7c20bf08fa
3,clean_calibration,1.3,0,18,326094318,326194318,1f5f1fd31a2c0f647fb8131e68e3d928e82d1ceff8d08df8af662d2c1c83d0c3
3,clean_calibration,1.3,0,19,326094319,326194319,074e219a3e700fc3c49cb6d6d902f012f2b77c5753f42cea7be3095596944233
3,clean_calibration,1.3,0,20,326094320,326194320,27b83bc744fc4ac8cc8c47ee4775c88326ac3eabf6a5aa35ddb51a1c5396dc97
3,confirmation,1.0,0.005,1,426094301,426194301,e36396af533ddd63d9523c225adbfb9526a82ce7ff3436d0c69878dacf4e87a7
3,confirmation,1.0,0.01,1,426094301,426194301,acfa1909740e704b7cedf45e0c00580d540e5b5ee24c8553857c1b4dc572132e
3,confirmation,1.0,0.02,1,426094301,426194301,4b8f1d73189eebb8bda583e1aff8adfec564754db6f1cd036b8f7d549ef2df00
3,confirmation,1.0,0.005,2,426094302,426194302,91ca935cb318f291dd9f2ec191e0a2d78708b5c8e2ba364183ac51d6ff40c51c
3,confirmation,1.0,0.01,2,426094302,426194302,9a9e1a0ba62e3931adef8581e15ae0220359a3abf630f2d9254b5ebcf7974127
3,confirmation,1.0,0.02,2,426094302,426194302,32405defe04c7e7bf14b51834235084a86fdc3cc6dcf852f3731af44da5c3e09
3,confirmation,1.0,0.005,3,426094303,426194303,8e4ca493165e0352635c99462319df2c0e1a39268b4982771aa218d0eb52b4b9
3,confirmation,1.0,0.01,3,426094303,426194303,76c9b6dc399006609b60c5a6b63ddc47b8676253e0f9228adb9d62c5140630eb
3,confirmation,1.0,0.02,3,426094303,426194303,34f51d27ee0c0eddd09fec648f3b6557b6206eb1b10673eaa006620e8df4518d
3,confirmation,1.0,0.005,4,426094304,426194304,f171dd2413733abe1809b537e8134674ab3524b09c04f48fbe4743be5e10830d
3,confirmation,1.0,0.01,4,426094304,426194304,97ddc4cef5fc3ba7b6fec08e3c3a5af834cd3e778ff2760529ce248aabf69c1d
3,confirmation,1.0,0.02,4,426094304,426194304,cb14a207fad6dcf7d89b0dcb49684b2fdce93be8fa5173eb5f96ece105038bc4
3,confirmation,1.0,0.005,5,426094305,426194305,d7f2e6179cd46e19170f2d8aa43ae9815463602f5c0d806ae89a651bcc2509ae
3,confirmation,1.0,0.01,5,426094305,426194305,3d24bb6687973c8274d8118b113baab4ff2e00cf7d1c7bb787482ebc19e86c4d
3,confirmation,1.0,0.02,5,426094305,426194305,ca428c345012bac4dc93dfcbb21edbb78171314315b4ad7c62f2bcfb7a715761
3,confirmation,1.0,0.005,6,426094306,426194306,473c0df5f1c21ee92cf3496b80a99c152b971248d28e78f0fb72b6f0772f5767
3,confirmation,1.0,0.01,6,426094306,426194306,ddff3e62036eb9e67d0b74dcbd2c15b1bea8f29923789cff881d7719b689862a
3,confirmation,1.0,0.02,6,426094306,426194306,c649a3cf1992aad5f9796e10b2497ccbfb7162e46481ee3ddbcbe42625839589
3,confirmation,1.0,0.005,7,426094307,426194307,113f36571504a0dc1a6f8285cb31b5550e0e870a1d065fee7d1e53bcd90f6496
3,confirmation,1.0,0.01,7,426094307,426194307,d14702f2727bf4cadb7ea559c8ed4462da6c46a27a0ef61b097c8831e16d3a23
3,confirmation,1.0,0.02,7,426094307,426194307,5972aa9ca71e6bcbbed2c6629c0b43c4641b168b366707acc693e13e89a37637
3,confirmation,1.0,0.005,8,426094308,426194308,174e598e64bd6fb65b3852f82a8e9d119b7871c8d0a18ad0f74775e69c2d64fc
3,confirmation,1.0,0.01,8,426094308,426194308,743d0a7cff3e1f943462e0b3e464fd71a3aabf11b87c75e37223bb7996a7b69c
3,confirmation,1.0,0.02,8,426094308,426194308,0c35c0c16476f1f53d6ce253b9ee842a8cd0907f26467aec59f581cdbd749b31
3,confirmation,1.0,0.005,9,426094309,426194309,bf2cf9480673b5efddb4a1d1d7a94cd404ba42d6a67a818129a92cd95e566b11
3,confirmation,1.0,0.01,9,426094309,426194309,575f60e478ee6ad737301a78dae8f8d5bbd966ddfcf523125b6c4b92699a7b04
3,confirmation,1.0,0.02,9,426094309,426194309,2cc94f70455ada9140bee8aa00dcbe119c27e3f0de7f04461f3db9bdd4c9d32e
3,confirmation,1.0,0.005,10,426094310,426194310,24008f48e26b100d02a2cd352a3cb2af6e3819c1c9947baafa0df6e7fba0fa04
3,confirmation,1.0,0.01,10,426094310,426194310,497a3369bfdbd5e0c8e71ea63dcaee4b0e1ae6ebc72a4330f360efa06c16c620
3,confirmation,1.0,0.02,10,426094310,426194310,8a5748e13ea8509ece6ce85a0430fe457cf1aade2b735540d2faae0700d9d57d
3,confirmation,1.0,0.005,11,426094311,426194311,77830f92ed3e5ecb47542770f52ed44eb04789a10d995175c24a05faf236876c
3,confirmation,1.0,0.01,11,426094311,426194311,ee1b2946fcb4c3130f0d787e193175a1512cf12189c9e6bf998a5ce765655e52
3,confirmation,1.0,0.02,11,426094311,426194311,3d89e5f1b9886208fa537c679cad5326f5df73dea5317632b5606adf269099d7
3,confirmation,1.0,0.005,12,426094312,426194312,8f8f37ab02ce5712b153aeee622204a87f044763df29a832ecb04f35b05bf5c1
3,confirmation,1.0,0.01,12,426094312,426194312,7e5679b0efbbafeebee372aff3a7c3a4400bc85781cfb776fdc720f784d00f33
3,confirmation,1.0,0.02,12,426094312,426194312,125a00c3be0ea29e7f551beaaae4f875793ef8928807ffe83008f1c4fa28ecb1
3,confirmation,1.0,0.005,13,426094313,426194313,05375974ee4ada807cd6a9a28a8e1b826aea9b84ef8dc740a83316ec2802388e
3,confirmation,1.0,0.01,13,426094313,426194313,751671dce0af461396fc2d90b33feb643c0073e03f77e7895d2e864cf3516cb0
3,confirmation,1.0,0.02,13,426094313,426194313,49f7ccd94db0e6f12a51c4edeea983b4e9406bb7b9ff11822b47aa75956c8d2f
3,confirmation,1.0,0.005,14,426094314,426194314,ec2fa1aa874c07a84979291ea4974765e2f61189073d81b311fa0f181c2a93fc
3,confirmation,1.0,0.01,14,426094314,426194314,88d0f9158f219dc9a444af8a325aab90e85a6212d987fd0c29e4d0475c5b333e
3,confirmation,1.0,0.02,14,426094314,426194314,dec436514d10379009d154c5a30832ff8e27c0731c253a28ce05527febdcb052
3,confirmation,1.0,0.005,15,426094315,426194315,9d3b8a5236e3b48831ae893ceb3a90fd317e9d6a834618efcb37449f4045eb0d
3,confirmation,1.0,0.01,15,426094315,426194315,ec0f91c05dea0d3e4918087edf18ed0f255459736b8eb0517232abcf25e400e2
3,confirmation,1.0,0.02,15,426094315,426194315,10b30deb3ba80b9bb0240af410bff5c86b6b64cb37931c164b15fb901f9d1b76
3,confirmation,1.0,0.005,16,426094316,426194316,6109e9623344d0991c6ab93ac84504de8936d01b91b950c27f7e28b938a8a64a
3,confirmation,1.0,0.01,16,426094316,426194316,8b811e998192c3664f11e6d7552db2c2dff7697cfb4316ab9e8e37e3f73e3e42
3,confirmation,1.0,0.02,16,426094316,426194316,6a9f23c385ee82221aed3e0157593fb09f2f854d25216308786b43e1828d45e7
3,confirmation,1.0,0.005,17,426094317,426194317,492004849ebc7850b8fc51b8592d02460a380f504e743f715fdb8a9c72d93909
3,confirmation,1.0,0.01,17,426094317,426194317,d0ade56559c6ab3f510d825f9009a12a021eed0ba8d74e2c66852fb3e22a28f6
3,confirmation,1.0,0.02,17,426094317,426194317,51ae60331b97835ba504a41f271b7a5c59c1fe7ee5e98d9a0b05191b04a8ac0d
3,confirmation,1.0,0.005,18,426094318,426194318,9e999fe12ab5f1028283d3e237afdf152af0e033a0aa6184344b786fb5589778
3,confirmation,1.0,0.01,18,426094318,426194318,eebba8c0f53db2a5d92c33736729a34b2943a92ee9789279b5e2d6bdfc8323a6
3,confirmation,1.0,0.02,18,426094318,426194318,747359afd69bfd863e8689e13fe497b7d511036570f01ff89dcaf504c9dbc3cd
3,confirmation,1.0,0.005,19,426094319,426194319,6101c8865ca556dcecd2cef4faf8286f408e0d3ff844bf401e82abe9b90d1565
3,confirmation,1.0,0.01,19,426094319,426194319,226c4e696003bbb4c42e898c6078558e07abd4c2d8803f84d9a3a11a4f0aa12e
3,confirmation,1.0,0.02,19,426094319,426194319,ab47b4e26263211581c1fa8e3d5ff82aeef972f8c1de48e6d7eec90c411cbc08
3,confirmation,1.0,0.005,20,426094320,426194320,0dee8e2accdcf757370eff1ffb25d4bdaa2c57089f2ed1eba71eed442555404a
3,confirmation,1.0,0.01,20,426094320,426194320,e3005fd1a1edf601e95a9902303252fcc24f1f55af50049de335e21bf9af2a01
3,confirmation,1.0,0.02,20,426094320,426194320,b76f92093cfc34f0e8ea23cb78e502f8d6e170572b1de79bc02e02f4733dee27
3,confirmation,1.15,0.005,1,426094301,426194301,0b084dc3e35c8fcbe177ec5c930e174df7a339c04abe90056b19933a1070019f
3,confirmation,1.15,0.01,1,426094301,426194301,822ce25320f2f01506b6ef375cc7e52d6242f62588f6291a198aea8b8b505065
3,confirmation,1.15,0.02,1,426094301,426194301,81415c38b0a2d8180b7c2da09935ca6a44b0820fc11c1250d3549f393397e0a0
3,confirmation,1.15,0.005,2,426094302,426194302,f37b552220ceb4cd27c62c4f79f398cd0545f54f7f139e72d94c4aa2e0255c85
3,confirmation,1.15,0.01,2,426094302,426194302,7598b88776234381bb769a4dc24e57b7cd60f6252b123f35fc485ed53db20b32
3,confirmation,1.15,0.02,2,426094302,426194302,e2d292520d7f1427f0730cd793816e072662af7149c080b35b943ff756b8f765
3,confirmation,1.15,0.005,3,426094303,426194303,6deb5bd5ea8b1f743fdd0688dd396e28945b7cdce048b7fa863cd7984e07ee3f
3,confirmation,1.15,0.01,3,426094303,426194303,4dacc305f5fd1ef692907e49b4e419c911944442a0b36019e5cbec6d01c39e4a
3,confirmation,1.15,0.02,3,426094303,426194303,6fe3ddfddc1633ddbf713d7fcae873d3b32b286ce4c390f59b6da154c0d909fd
3,confirmation,1.15,0.005,4,426094304,426194304,59184eca4a0476b3a6c0ad7fcddacb1f98294a574a6489db2848474fad0a81db
3,confirmation,1.15,0.01,4,426094304,426194304,5360f6e632695ca9abab7d59cd5144c60511f044dabae15ae970be3815635810
3,confirmation,1.15,0.02,4,426094304,426194304,2f9169be3c83d99c6a34d38ede2c789dc60dee71446378dd7d514988492bd188
3,confirmation,1.15,0.005,5,426094305,426194305,a1f4e7692a5d45fb0b63cb930b1b9c983b6352cca9db246dc083195e8170214d
3,confirmation,1.15,0.01,5,426094305,426194305,0eec320a524705eb8a9e9cf75c1d2cf2159737802055107c1e71b6b13d936793
3,confirmation,1.15,0.02,5,426094305,426194305,81948177a1750c873c3b7af7684b9292b8b9f092aea04d4978244f25d1ca8ddc
3,confirmation,1.15,0.005,6,426094306,426194306,46445e9301aab481c29838a57f4a21629fd8273f2b0179f813d947e80aa0bca4
3,confirmation,1.15,0.01,6,426094306,426194306,54d3495755c099846db902d46a00af38c2f33560d83874d9a330a4608a50c0b6
3,confirmation,1.15,0.02,6,426094306,426194306,0346713e0bdc62352f78d4e83e9d2853f00b470eb9101aeaad973f0e130f8c6d
3,confirmation,1.15,0.005,7,426094307,426194307,694125fb8a7b85c406fc85b21bb383ad7119c5d0e518ac6f546a59751a6d213e
3,confirmation,1.15,0.01,7,426094307,426194307,99408372e932fd0621998fb1f4b829a58accf74edf83ea7eaf8d49e4bf994728
3,confirmation,1.15,0.02,7,426094307,426194307,70da058cb3ab075f288509677103e6cc58da51bcf548a47d8d12e23650c9a77c
3,confirmation,1.15,0.005,8,426094308,426194308,e16b8ff36ea9deadd37e7e60dfef53c4ce92ca4ee4e6fb0e53541d389fc21955
3,confirmation,1.15,0.01,8,426094308,426194308,74c1993aa700ae5a08e2f5685d03094bdd58b502455c7d7f6f17be0ea158ad9f
3,confirmation,1.15,0.02,8,426094308,426194308,2df16c6ea0a3cbbde2b84bd5d45f096b92d0c03b486b115c89ab54ea761f354e
3,confirmation,1.15,0.005,9,426094309,426194309,6546e362270bd382e6be9967282b00637fb964a46183dc35ea7673db98c30c20
3,confirmation,1.15,0.01,9,426094309,426194309,325b7765080ef50a7494fe7efca5693a57d116e69e669cd228e7016e9e5f1530
3,confirmation,1.15,0.02,9,426094309,426194309,8c95316375c9310a25f3349b8d0b40f0b5cbdfc997545f433a3742aee807a37c
3,confirmation,1.15,0.005,10,426094310,426194310,7ef21cb783340eecb56dcc76e3db48a1e893db4d8c5e787907c3ca5b82b46055
3,confirmation,1.15,0.01,10,426094310,426194310,e0a9c65a428a4fb9985a9e3f23b55d3f5d2e697bda53faaa3b3689fba3e9cb5a
3,confirmation,1.15,0.02,10,426094310,426194310,82fa9a871b278d84fafcec56099436d94a6982970a49323f6c4a987ec585ed23
3,confirmation,1.15,0.005,11,426094311,426194311,5d2b24ea5a61309b2f58637ee19566e3f6e586da2a49fa25e8e742e4872e8613
3,confirmation,1.15,0.01,11,426094311,426194311,2967a9003fd53a8ce61c9cad7f9207eee02df3287cf8eafd341eab8473fe4acb
3,confirmation,1.15,0.02,11,426094311,426194311,6083818c5ac4c5e3f9c3f77a49f010caf214c7b372da42faa9f6dbaef0291834
3,confirmation,1.15,0.005,12,426094312,426194312,697cf8af48ce20543e83f40610b1d6ddc72ecd8b308363fb14e9486af79e8f03
3,confirmation,1.15,0.01,12,426094312,426194312,468ec120ac528227848cf8ca3001ea964a2e1dd7267fe35cf6615910783c5b07
3,confirmation,1.15,0.02,12,426094312,426194312,2517dfbb7387c6c787d8a6509fb36250e54d6d3c3866531745971de169462cda
3,confirmation,1.15,0.005,13,426094313,426194313,46daeef9968c0f39af02ad8e24508c0555bdab21b69c93249128f96079c49cd1
3,confirmation,1.15,0.01,13,426094313,426194313,8724014b264018bcf95ce13dd8aae09c4ccf2977114da8583fc547354d95f8c1
3,confirmation,1.15,0.02,13,426094313,426194313,c409feb67eb0efa4d7aad56017722be263f128dc3661d83c421b49285f7f1fd1
3,confirmation,1.15,0.005,14,426094314,426194314,a8ada0202440492989be2a4206d30997d751e1ff2f2c05978b09744aec606571
3,confirmation,1.15,0.01,14,426094314,426194314,d0ab20c89234abf6a5e3dc8f330dc9e8c7d9cf9e6da8a732cd39a6cdfc6848b3
3,confirmation,1.15,0.02,14,426094314,426194314,16a5c516489bebbfeec9a41af31f36d9adef19cc08a1822c91d1c1d1ff4bdf5d
3,confirmation,1.15,0.005,15,426094315,426194315,bc61eb4ded2721d9d84b2c3f4736950b7269f81ee6568e2e51163b67d39d7995
3,confirmation,1.15,0.01,15,426094315,426194315,b3abdf67c873857c4e2f7ec9761f3722cb090b1da5aeb58e182343ded8862802
3,confirmation,1.15,0.02,15,426094315,426194315,499ebb7c36dec36d4dbe2f435c7e619a32aed13e753523b7a7904422738b0350
3,confirmation,1.15,0.005,16,426094316,426194316,f47c9a19e29ab277ea8ec0ce1222a5cf32d6ecb28a49efae0096bc059e3a0bcd
3,confirmation,1.15,0.01,16,426094316,426194316,1d9d8e1a0035d17645fae34e8184c4d89ce02111817769d744c3add2726320e0
3,confirmation,1.15,0.02,16,426094316,426194316,a263daa6179b7d451c91b1a49564b35eca713972c73895c5a35541b1e274e182
3,confirmation,1.15,0.005,17,426094317,426194317,f32833e4c0a36fb66bce8dd3b1c001209fc7f43e00819e2ef61928f6ca74a8b7
3,confirmation,1.15,0.01,17,426094317,426194317,00c601d1b9a002ce754ec98026950b49f5a858b0463ef79ccfc4b047ac555b0a
3,confirmation,1.15,0.02,17,426094317,426194317,320179ab62576c42cdc5abc6d02644e14431fd9e0cd30308a5039567be43600a
3,confirmation,1.15,0.005,18,426094318,426194318,43563831a6154d2d65902936751cb783a4d5c1d38c7be61d4d763e6f45be2a75
3,confirmation,1.15,0.01,18,426094318,426194318,6107d28c67ea9d1726f68bea26ccc945a00049dd101c0b89ed752889307f9f58
3,confirmation,1.15,0.02,18,426094318,426194318,601356d88f9a6f6dde0ec2fc29eeaf68409e976df4bf393b881f38fbd2d30019
3,confirmation,1.15,0.005,19,426094319,426194319,09083b9ef60fadd5fb576b9fc8ecc1eeea941b5fe1fb2c0651edf9af84df2925
3,confirmation,1.15,0.01,19,426094319,426194319,b5e46433e61d0a48f975f8bce1ab23f8080141fcbc7ce3fb89c589db4d7438bd
3,confirmation,1.15,0.02,19,426094319,426194319,455630fd9ff7164f2bd28afd08f3b5fa0d86d068f25492825d0be09d9de1b6ba
3,confirmation,1.15,0.005,20,426094320,426194320,d678ac3a5f7342434aa8c19821382182301c3fcb10fe99b70233640e90aad002
3,confirmation,1.15,0.01,20,426094320,426194320,305b86b511d760ee57c9cd09a7a822f1a16d4438c91783a826b7d2986c7e2fc4
3,confirmation,1.15,0.02,20,426094320,426194320,fd1bc557cff81937a1f05a3fe43c3afabc1bff83aa3e9b11cc447774447a464c
3,confirmation,1.3,0.005,1,426094301,426194301,7740749ababc7e94ef88fb92b055751a6184cb42002d4be280fbb84fe76d3f6c
3,confirmation,1.3,0.01,1,426094301,426194301,7001ce45c57f339b73e671b660c2349b6d7f6ffff9a7ea9e2d38b3383eabf306
3,confirmation,1.3,0.02,1,426094301,426194301,5f9f496ad6ceef5e8264e46aa9c7b8d7a6fae9fb3e5b590cd601ecbd019f06bd
3,confirmation,1.3,0.005,2,426094302,426194302,772e83911d091a3c3b7f5da0125f346642b215f4b5fd6f3f6ac06478ccab98db
3,confirmation,1.3,0.01,2,426094302,426194302,6bcaa045101673d200daafc143ed861c63f83860a985a6470135d3129f558227
3,confirmation,1.3,0.02,2,426094302,426194302,ec56abebf68f66c2208f59bfbf662c8905c6cefbd606cbdd211e91f7176be0b3
3,confirmation,1.3,0.005,3,426094303,426194303,ab74fedf6d26032b6e7d7fd7e824245ad3d68c1c74616a78041d089ea726c5ea
3,confirmation,1.3,0.01,3,426094303,426194303,b025580e577463bc336615d86a6de33dd7040808d53f5475e43685f7cb817f7b
3,confirmation,1.3,0.02,3,426094303,426194303,73362218894cc4bc75b1e8d6a92d20e60135b3a188aac7daaa8b312dd1326758
3,confirmation,1.3,0.005,4,426094304,426194304,0e79c674e54fea882d77139022a4a31c9f7ae4c6904b8ee92f55c1e94c1eca7d
3,confirmation,1.3,0.01,4,426094304,426194304,ee52c3f225c216fac2ee89244b3c76015fcc7ed5ae46ae9f6f95b003b3dff581
3,confirmation,1.3,0.02,4,426094304,426194304,2fac5db3aa7fed143df01c14de91fee87e0e7eaab163053aa5affc7f2a202130
3,confirmation,1.3,0.005,5,426094305,426194305,74dc05af211e2b02a72bd9f4003c51504593f9798a88d7492333a3dee68527f4
3,confirmation,1.3,0.01,5,426094305,426194305,03e0c8638d15d6b9301de4d0f2bcfd200cd1c4cd3c98379e46c12c3d49fa9c92
3,confirmation,1.3,0.02,5,426094305,426194305,4d63486ebebf7c6a98e294cc1db041fd715b545c56d4b362e1413c8cc0cf6440
3,confirmation,1.3,0.005,6,426094306,426194306,109f414295019ad89e23b5160602c0cc26fe87bccde4e7b9c4c51fdd33d8be22
3,confirmation,1.3,0.01,6,426094306,426194306,1fa6f67bcbad6d510249e2ec064f016590098f52cbbb964d03301394b0465562
3,confirmation,1.3,0.02,6,426094306,426194306,50fec8550a23f07017ff35ddc10f6dcf268ee47030c3194fbaf1457c4aa285dd
3,confirmation,1.3,0.005,7,426094307,426194307,12c91023b5af7c13ee96f5c7a12a75ea9c91d85bb7308aeb4a2a78178fe8e8e2
3,confirmation,1.3,0.01,7,426094307,426194307,26bdca50181dccfb8904030f3bcca03d29814aafcc42675861436935b797debf
3,confirmation,1.3,0.02,7,426094307,426194307,ab96c7af4953f691883cc942a65d264a125d9f6117802f482975bf0efe7265b4
3,confirmation,1.3,0.005,8,426094308,426194308,ce9cd74187c5f11a21d285beb2cd9c3d4d760fdb0a8429d1852ff1b9ee3e9d2e
3,confirmation,1.3,0.01,8,426094308,426194308,d46999b6ba1762bba788b5356b683a6edee619e6242dd7ebf2e5e860d5dbfa67
3,confirmation,1.3,0.02,8,426094308,426194308,ae86525ba3cb0fc7bd9fc5b45b266dcd2b9096cde4a8e190faef77059aa11f02
3,confirmation,1.3,0.005,9,426094309,426194309,91c222c9f6b6c2bf24dd6bf6911ffe6f0ae92bd5459f2b5d4c44b9ccbbead7e9
3,confirmation,1.3,0.01,9,426094309,426194309,0c37f762780c0ff2b6b0ebe0ffdf07efd8193de69e4407c31a8bf105d5522114
3,confirmation,1.3,0.02,9,426094309,426194309,fab2a60947224ae53668ee50abe6c18b4eb2ebe4c422489c2ee693beeaa25c9f
3,confirmation,1.3,0.005,10,426094310,426194310,7d8f2999d28a20a62503f7ba54de0fea702f20befeb0c300a59a1c0587ee83e5
3,confirmation,1.3,0.01,10,426094310,426194310,a721c47dc738bdc0d55794b24d7102ec3ecb7c5d30cfb5aab8b1546cecaf9abe
3,confirmation,1.3,0.02,10,426094310,426194310,d5d039e534d49b0beac4fd8774cd56aa0a5eae8a2f79501dc84fea3a8f7b00f5
3,confirmation,1.3,0.005,11,426094311,426194311,0f46bb91771a19003228b7197e87b61294b014b5e80521f4cbdeee8a997f1d31
3,confirmation,1.3,0.01,11,426094311,426194311,02eb312c2698ada71de4512529d510960ccfe6888ec76f22541babd2e42faff0
3,confirmation,1.3,0.02,11,426094311,426194311,16a07f2bd63171ff08ece13aa7623eb8d17d90cbd5e92a69688cad3e9fb10ad6
3,confirmation,1.3,0.005,12,426094312,426194312,7357fafc4a4042b7c5c3a86aacf3e03bf257edf5a45ec90ff9e9b11c601514b7
3,confirmation,1.3,0.01,12,426094312,426194312,a00148b46277bfe5e7261ca5324ae31331014103a421bffce882ceb9987d9e07
3,confirmation,1.3,0.02,12,426094312,426194312,672d241d4b7083c6890e046450a2791406f35f98d3f1304b0e3ad0fc41c61de6
3,confirmation,1.3,0.005,13,426094313,426194313,745ff1f8e74e8ddb111e62c23c3ed798d49c584e43f7649f58809f26298f90d4
3,confirmation,1.3,0.01,13,426094313,426194313,dccf51c42512fb3cf41ca5a1cd07c5f9ce0004dd0193285ed3d7a28d16f35330
3,confirmation,1.3,0.02,13,426094313,426194313,5a25f9d93ac4281e83072389d50583729aacff937c0723177c68d150d5a024a8
3,confirmation,1.3,0.005,14,426094314,426194314,46cfdb8a0eb51c5267ed87fc69ef251d3eee801e1fd86916d9aac8881fb0b408
3,confirmation,1.3,0.01,14,426094314,426194314,4f562a09c7c7b7682958b254c18311d8e5bf5a8b42b5dde951d4017cae8ed307
3,confirmation,1.3,0.02,14,426094314,426194314,a3f7931a888a55af7e7b5cbdcfdc98a12a9851b67b54ce6aa6b65df06aa9b64c
3,confirmation,1.3,0.005,15,426094315,426194315,6577a50adfaf35b72435ef442138c333ce8cc5bf58f53f36081be48bcf7dd3ad
3,confirmation,1.3,0.01,15,426094315,426194315,3c3c4f9e0394bb3c9e2b4544e1945b1f8550f3aecabd12e7d3101dbdd76ee753
3,confirmation,1.3,0.02,15,426094315,426194315,708738de778af697ef56c312fbfb63c910411f2752045f762234f1da3e3205cd
3,confirmation,1.3,0.005,16,426094316,426194316,0b2b4464bf578977853fe2c24d7b36e1dcdd7b4418ab2a8a421a6372de67d446
3,confirmation,1.3,0.01,16,426094316,426194316,4972671d33da290e98cb0a4bccb71cbc6f264807519858a21e38596158639732
3,confirmation,1.3,0.02,16,426094316,426194316,0cabeca64d594811bf754a51d5dade28eda527f665a7ee5fab3e8d46ee7c3901
3,confirmation,1.3,0.005,17,426094317,426194317,b351b17f591642f311396f74016d598883f777e952c224bd32445c0998517962
3,confirmation,1.3,0.01,17,426094317,426194317,a471e88e459e8b64e9940189e5aecea289874afe50a1fd1e15fd5ce3b0ea5b48
3,confirmation,1.3,0.02,17,426094317,426194317,c5b0d55ce249d8fc3404409a519c8e8ae4366493f1f96d90c0bb69264d3979f8
3,confirmation,1.3,0.005,18,426094318,426194318,9e2fd542608fe1e0bbc9f880325bf5b6fae5f66b145699e657cd3d20077f75c1
3,confirmation,1.3,0.01,18,426094318,426194318,7b3699721d9c615a12b664d846438d5e34bbe66fd74b3177d0838bc750dfa285
3,confirmation,1.3,0.02,18,426094318,426194318,fc79c9c84bbff8457d05f7a0de21cc222768503920bd2a5e2f7278dd8321dcd2
3,confirmation,1.3,0.005,19,426094319,426194319,0ee8e4aa6501fd108fa8f21a633d5615fa684113c795a81a49baea12773947ef
3,confirmation,1.3,0.01,19,426094319,426194319,d034ac2ffc661336cdaaa9d861d0db8aa1800d7f657715ef4100bdfb7e4f5d32
3,confirmation,1.3,0.02,19,426094319,426194319,5450e1ab3c9751d2e4219daaa77b2a0328f389099a5ff2aace925c7a318abf28
3,confirmation,1.3,0.005,20,426094320,426194320,ebbb39b04d8f8bcc52a9dc899b1fe1886b1a419e581b6ada9396d6f6d5829d43
3,confirmation,1.3,0.01,20,426094320,426194320,df176b445bb9db4843a66f7de0912cd3a3bbf9d2c3017b53ede4e24aeb15c348
3,confirmation,1.3,0.02,20,426094320,426194320,63532c102d4003fbab604a205d7faa761afb6a3485283a5d122da88fabd5ac84
